date,team,team_score,home_away,opposing,opp_score,win_lost,attendance,season
2010-04-05,HOU,2,HOME,SFG,5,L,43836.0,reg
2010-04-06,HOU,0,HOME,SFG,3,L,24237.0,reg
2010-04-07,HOU,4,HOME,SFG,10,L,21599.0,reg
2010-04-09,HOU,0,HOME,PHI,8,L,27288.0,reg
2010-04-10,HOU,6,HOME,PHI,9,L,35138.0,reg
2010-04-11,HOU,1,HOME,PHI,2,L,28619.0,reg
2010-04-12,HOU,0,AWAY,STL,5,L,46918.0,reg
2010-04-14,HOU,1,AWAY,STL,2,L,35883.0,reg
2010-04-15,HOU,5,AWAY,STL,1,W,35371.0,reg
2010-04-16,HOU,2,AWAY,CHC,7,L,37291.0,reg
2010-04-17,HOU,4,AWAY,CHC,3,W,40471.0,reg
2010-04-18,HOU,3,AWAY,CHC,2,W,39506.0,reg
2010-04-20,HOU,7,HOME,FLA,5,W,24135.0,reg
2010-04-21,HOU,5,HOME,FLA,4,W,22607.0,reg
2010-04-22,HOU,1,HOME,FLA,5,L,21802.0,reg
2010-04-23,HOU,4,HOME,PIT,3,W,30018.0,reg
2010-04-24,HOU,5,HOME,PIT,2,W,30562.0,reg
2010-04-25,HOU,10,HOME,PIT,3,W,27210.0,reg
2010-04-27,HOU,2,HOME,CIN,6,L,22467.0,reg
2010-04-28,HOU,4,HOME,CIN,6,L,21035.0,reg
2010-04-29,HOU,2,HOME,CIN,4,L,21493.0,reg
2010-04-30,HOU,2,AWAY,ATL,4,L,30082.0,reg
2010-05-01,HOU,1,AWAY,ATL,10,L,27035.0,reg
2010-05-02,HOU,1,AWAY,ATL,7,L,25665.0,reg
2010-05-03,HOU,1,HOME,ARI,9,L,20370.0,reg
2010-05-04,HOU,0,HOME,ARI,1,L,22661.0,reg
2010-05-05,HOU,4,HOME,ARI,2,W,21030.0,reg
2010-05-06,HOU,3,HOME,ARI,6,L,21019.0,reg
2010-05-07,HOU,0,HOME,SDP,7,L,25586.0,reg
2010-05-08,HOU,1,HOME,SDP,2,L,27038.0,reg
2010-05-09,HOU,4,HOME,SDP,3,W,23526.0,reg
2010-05-11,HOU,6,AWAY,STL,3,W,35875.0,reg
2010-05-12,HOU,9,AWAY,STL,6,W,36342.0,reg
2010-05-13,HOU,4,AWAY,STL,1,W,39026.0,reg
2010-05-14,HOU,2,AWAY,SFG,8,L,38650.0,reg
2010-05-15,HOU,1,AWAY,SFG,2,L,40060.0,reg
2010-05-16,HOU,3,AWAY,SFG,4,L,40582.0,reg
2010-05-17,HOU,2,AWAY,LAD,6,L,35282.0,reg
2010-05-18,HOU,3,AWAY,LAD,7,L,55662.0,reg
2010-05-19,HOU,7,HOME,COL,3,W,25200.0,reg
2010-05-20,HOU,0,HOME,COL,4,L,25932.0,reg
2010-05-21,HOU,2,HOME,TBR,1,W,27601.0,reg
2010-05-22,HOU,2,HOME,TBR,4,L,33778.0,reg
2010-05-23,HOU,6,HOME,TBR,10,L,28801.0,reg
2010-05-25,HOU,1,AWAY,MIL,6,L,27363.0,reg
2010-05-26,HOU,5,AWAY,MIL,0,W,30151.0,reg
2010-05-27,HOU,3,AWAY,MIL,4,L,34355.0,reg
2010-05-28,HOU,6,AWAY,CIN,15,L,30813.0,reg
2010-05-29,HOU,2,AWAY,CIN,12,L,36918.0,reg
2010-05-30,HOU,2,AWAY,CIN,0,W,36038.0,reg
2010-05-31,HOU,4,HOME,WSN,14,L,34704.0,reg
2010-06-01,HOU,8,HOME,WSN,7,W,25249.0,reg
2010-06-02,HOU,5,HOME,WSN,1,W,26736.0,reg
2010-06-03,HOU,6,HOME,WSN,4,W,21814.0,reg
2010-06-04,HOU,3,HOME,CHC,1,W,28784.0,reg
2010-06-05,HOU,5,HOME,CHC,8,L,34241.0,reg
2010-06-06,HOU,6,HOME,CHC,3,W,29493.0,reg
2010-06-07,HOU,1,AWAY,COL,5,L,28251.0,reg
2010-06-08,HOU,4,AWAY,COL,3,W,26201.0,reg
2010-06-09,HOU,6,AWAY,COL,2,W,27114.0,reg
2010-06-10,HOU,5,AWAY,COL,4,W,28329.0,reg
2010-06-11,HOU,3,AWAY,NYY,4,L,46883.0,reg
2010-06-12,HOU,3,AWAY,NYY,9,L,46159.0,reg
2010-06-13,HOU,5,AWAY,NYY,9,L,46832.0,reg
2010-06-15,HOU,7,AWAY,KCR,15,L,24862.0,reg
2010-06-16,HOU,4,AWAY,KCR,2,W,17675.0,reg
2010-06-17,HOU,2,AWAY,KCR,5,L,16255.0,reg
2010-06-18,HOU,3,HOME,TEX,9,L,33951.0,reg
2010-06-19,HOU,1,HOME,TEX,5,L,41060.0,reg
2010-06-20,HOU,4,HOME,TEX,5,L,33753.0,reg
2010-06-22,HOU,1,HOME,SFG,3,L,29777.0,reg
2010-06-23,HOU,6,HOME,SFG,3,W,29311.0,reg
2010-06-24,HOU,7,HOME,SFG,5,W,26662.0,reg
2010-06-25,HOU,7,AWAY,TEX,4,W,43457.0,reg
2010-06-26,HOU,2,AWAY,TEX,7,L,28951.0,reg
2010-06-27,HOU,1,AWAY,TEX,10,L,37487.0,reg
2010-06-28,HOU,9,AWAY,MIL,5,W,27908.0,reg
2010-06-29,HOU,5,AWAY,MIL,7,L,32907.0,reg
2010-06-30,HOU,5,AWAY,MIL,1,W,30114.0,reg
2010-07-01,HOU,6,AWAY,SDP,3,W,18618.0,reg
2010-07-02,HOU,0,AWAY,SDP,3,L,30691.0,reg
2010-07-03,HOU,0,AWAY,SDP,1,L,40042.0,reg
2010-07-04,HOU,2,AWAY,SDP,3,L,23498.0,reg
2010-07-06,HOU,6,HOME,PIT,2,W,23210.0,reg
2010-07-07,HOU,6,HOME,PIT,3,W,23123.0,reg
2010-07-08,HOU,2,HOME,PIT,0,W,24416.0,reg
2010-07-09,HOU,0,HOME,STL,8,L,33224.0,reg
2010-07-10,HOU,4,HOME,STL,1,W,37518.0,reg
2010-07-11,HOU,2,HOME,STL,4,L,32975.0,reg
2010-07-16,HOU,5,AWAY,PIT,2,W,23273.0,reg
2010-07-17,HOU,6,AWAY,PIT,12,L,36665.0,reg
2010-07-18,HOU,0,AWAY,PIT,9,L,16638.0,reg
2010-07-19,HOU,11,AWAY,CHC,5,W,35514.0,reg
2010-07-20,HOU,7,AWAY,CHC,14,L,36401.0,reg
2010-07-21,HOU,4,AWAY,CHC,3,W,38533.0,reg
2010-07-23,HOU,4,HOME,CIN,6,L,30575.0,reg
2010-07-24,HOU,0,HOME,CIN,7,L,31552.0,reg
2010-07-25,HOU,4,HOME,CIN,0,W,25705.0,reg
2010-07-26,HOU,2,HOME,CHC,5,L,25037.0,reg
2010-07-27,HOU,6,HOME,CHC,1,W,28047.0,reg
2010-07-28,HOU,8,HOME,CHC,1,W,28046.0,reg
2010-07-30,HOU,5,HOME,MIL,0,W,27456.0,reg
2010-07-31,HOU,6,HOME,MIL,0,W,38824.0,reg
2010-08-01,HOU,5,HOME,MIL,2,W,27964.0,reg
2010-08-02,HOU,9,AWAY,STL,4,W,43369.0,reg
2010-08-03,HOU,18,AWAY,STL,4,W,41958.0,reg
2010-08-04,HOU,4,AWAY,STL,8,L,41596.0,reg
2010-08-06,HOU,5,AWAY,MIL,6,L,33952.0,reg
2010-08-07,HOU,2,AWAY,MIL,5,L,39410.0,reg
2010-08-08,HOU,6,AWAY,MIL,11,L,39339.0,reg
2010-08-09,HOU,10,HOME,ATL,4,W,34684.0,reg
2010-08-10,HOU,2,HOME,ATL,4,L,34155.0,reg
2010-08-11,HOU,2,HOME,ATL,8,L,31352.0,reg
2010-08-13,HOU,4,HOME,PIT,1,W,36124.0,reg
2010-08-14,HOU,3,HOME,PIT,2,W,31608.0,reg
2010-08-15,HOU,8,HOME,PIT,2,W,34372.0,reg
2010-08-16,HOU,1,HOME,NYM,3,L,22688.0,reg
2010-08-17,HOU,4,HOME,NYM,3,W,26279.0,reg
2010-08-18,HOU,2,HOME,NYM,3,L,23403.0,reg
2010-08-19,HOU,3,HOME,NYM,2,W,26271.0,reg
2010-08-20,HOU,0,AWAY,FLA,9,L,19456.0,reg
2010-08-21,HOU,3,AWAY,FLA,6,L,21721.0,reg
2010-08-22,HOU,2,AWAY,FLA,1,W,18886.0,reg
2010-08-23,HOU,3,AWAY,PHI,2,W,44081.0,reg
2010-08-24,HOU,4,AWAY,PHI,2,W,45494.0,reg
2010-08-25,HOU,3,AWAY,PHI,2,W,44657.0,reg
2010-08-26,HOU,5,AWAY,PHI,1,W,44958.0,reg
2010-08-27,HOU,1,AWAY,NYM,2,L,30178.0,reg
2010-08-28,HOU,4,AWAY,NYM,1,W,33024.0,reg
2010-08-29,HOU,1,AWAY,NYM,5,L,32779.0,reg
2010-08-30,HOU,3,HOME,STL,0,W,23140.0,reg
2010-08-31,HOU,3,HOME,STL,0,W,29307.0,reg
2010-09-01,HOU,5,HOME,STL,2,W,22068.0,reg
2010-09-03,HOU,3,AWAY,ARI,4,L,24748.0,reg
2010-09-04,HOU,6,AWAY,ARI,5,W,31605.0,reg
2010-09-05,HOU,3,AWAY,ARI,2,W,25416.0,reg
2010-09-06,HOU,4,AWAY,CHC,5,L,31647.0,reg
2010-09-07,HOU,7,AWAY,CHC,3,W,31596.0,reg
2010-09-08,HOU,4,AWAY,CHC,0,W,33623.0,reg
2010-09-09,HOU,3,HOME,LAD,2,W,28081.0,reg
2010-09-10,HOU,2,HOME,LAD,4,L,31010.0,reg
2010-09-11,HOU,3,HOME,LAD,6,L,39237.0,reg
2010-09-12,HOU,7,HOME,LAD,4,W,30240.0,reg
2010-09-13,HOU,4,HOME,MIL,2,W,31342.0,reg
2010-09-14,HOU,3,HOME,MIL,2,W,33878.0,reg
2010-09-15,HOU,6,HOME,MIL,8,L,30791.0,reg
2010-09-17,HOU,5,HOME,CIN,3,W,30218.0,reg
2010-09-18,HOU,1,HOME,CIN,11,L,29855.0,reg
2010-09-19,HOU,4,HOME,CIN,3,W,32520.0,reg
2010-09-20,HOU,8,AWAY,WSN,2,W,10999.0,reg
2010-09-21,HOU,4,AWAY,WSN,8,L,11893.0,reg
2010-09-22,HOU,3,AWAY,WSN,4,L,12213.0,reg
2010-09-23,HOU,2,AWAY,WSN,7,L,14633.0,reg
2010-09-24,HOU,10,AWAY,PIT,7,W,22279.0,reg
2010-09-25,HOU,4,AWAY,PIT,6,L,25350.0,reg
2010-09-26,HOU,3,AWAY,PIT,9,L,23208.0,reg
2010-09-28,HOU,2,AWAY,CIN,3,L,30151.0,reg
2010-09-29,HOU,2,AWAY,CIN,0,W,14760.0,reg
2010-09-30,HOU,1,AWAY,CIN,9,L,17558.0,reg
2010-10-01,HOU,0,HOME,CHC,2,L,33869.0,reg
2010-10-02,HOU,3,HOME,CHC,8,L,36098.0,reg
2010-10-03,HOU,4,HOME,CHC,0,W,31105.0,reg
2011-04-01,HOU,4,AWAY,PHI,5,L,45237.0,reg
2011-04-02,HOU,4,AWAY,PHI,9,L,45455.0,reg
2011-04-03,HOU,3,AWAY,PHI,7,L,45562.0,reg
2011-04-05,HOU,2,AWAY,CIN,8,L,11821.0,reg
2011-04-06,HOU,4,AWAY,CIN,12,L,17719.0,reg
2011-04-07,HOU,3,AWAY,CIN,2,W,20104.0,reg
2011-04-08,HOU,3,HOME,FLA,4,L,41042.0,reg
2011-04-09,HOU,5,HOME,FLA,7,L,25421.0,reg
2011-04-10,HOU,7,HOME,FLA,1,W,22299.0,reg
2011-04-11,HOU,4,HOME,CHC,5,L,20175.0,reg
2011-04-12,HOU,11,HOME,CHC,2,W,23523.0,reg
2011-04-13,HOU,5,HOME,CHC,9,L,20987.0,reg
2011-04-14,HOU,1,HOME,SDP,0,W,20045.0,reg
2011-04-15,HOU,2,HOME,SDP,4,L,23755.0,reg
2011-04-16,HOU,5,HOME,SDP,3,W,28100.0,reg
2011-04-17,HOU,6,HOME,SDP,8,L,22899.0,reg
2011-04-19,HOU,6,AWAY,NYM,1,W,27032.0,reg
2011-04-20,HOU,4,AWAY,NYM,3,W,27380.0,reg
2011-04-21,HOU,1,AWAY,NYM,9,L,32819.0,reg
2011-04-22,HOU,7,AWAY,MIL,14,L,31907.0,reg
2011-04-23,HOU,9,AWAY,MIL,6,W,37065.0,reg
2011-04-24,HOU,1,AWAY,MIL,4,L,32323.0,reg
2011-04-26,HOU,6,HOME,STL,5,W,25526.0,reg
2011-04-27,HOU,5,HOME,STL,6,L,27857.0,reg
2011-04-28,HOU,7,HOME,STL,11,L,26331.0,reg
2011-04-29,HOU,0,HOME,MIL,5,L,25734.0,reg
2011-04-30,HOU,2,HOME,MIL,1,W,26514.0,reg
2011-05-01,HOU,5,HOME,MIL,0,W,23908.0,reg
2011-05-03,HOU,10,AWAY,CIN,4,W,12005.0,reg
2011-05-04,HOU,2,AWAY,CIN,3,L,12340.0,reg
2011-05-05,HOU,4,AWAY,CIN,10,L,14765.0,reg
2011-05-06,HOU,3,AWAY,PIT,2,W,12728.0,reg
2011-05-07,HOU,1,AWAY,PIT,6,L,32299.0,reg
2011-05-08,HOU,4,AWAY,PIT,5,L,17946.0,reg
2011-05-09,HOU,1,HOME,CIN,6,L,20174.0,reg
2011-05-10,HOU,3,HOME,CIN,7,L,24499.0,reg
2011-05-11,HOU,4,HOME,CIN,3,W,21008.0,reg
2011-05-13,HOU,4,HOME,NYM,6,L,28791.0,reg
2011-05-14,HOU,7,HOME,NYM,3,W,31140.0,reg
2011-05-15,HOU,4,HOME,NYM,7,L,28406.0,reg
2011-05-16,HOU,2,AWAY,ATL,3,L,17416.0,reg
2011-05-17,HOU,1,AWAY,ATL,3,L,21085.0,reg
2011-05-18,HOU,1,AWAY,STL,5,L,35298.0,reg
2011-05-19,HOU,2,AWAY,STL,4,L,36409.0,reg
2011-05-20,HOU,5,AWAY,TOR,2,W,15478.0,reg
2011-05-21,HOU,5,AWAY,TOR,7,L,21494.0,reg
2011-05-22,HOU,3,AWAY,TOR,2,W,19487.0,reg
2011-05-23,HOU,4,HOME,LAD,3,W,22579.0,reg
2011-05-24,HOU,4,HOME,LAD,5,L,28713.0,reg
2011-05-25,HOU,2,HOME,LAD,1,W,21350.0,reg
2011-05-27,HOU,6,HOME,ARI,7,L,21834.0,reg
2011-05-28,HOU,3,HOME,ARI,11,L,31405.0,reg
2011-05-29,HOU,2,HOME,ARI,4,L,21882.0,reg
2011-05-30,HOU,12,AWAY,CHC,7,W,30450.0,reg
2011-05-31,HOU,7,AWAY,CHC,3,W,31178.0,reg
2011-06-01,HOU,3,AWAY,CHC,1,W,31340.0,reg
2011-06-02,HOU,7,AWAY,SDP,4,W,16635.0,reg
2011-06-03,HOU,1,AWAY,SDP,3,L,20056.0,reg
2011-06-04,HOU,3,AWAY,SDP,6,L,28208.0,reg
2011-06-05,HOU,2,AWAY,SDP,7,L,21958.0,reg
2011-06-07,HOU,4,HOME,STL,7,L,23277.0,reg
2011-06-08,HOU,4,HOME,STL,1,W,22107.0,reg
2011-06-09,HOU,2,HOME,STL,9,L,24482.0,reg
2011-06-10,HOU,4,HOME,ATL,11,L,29252.0,reg
2011-06-11,HOU,3,HOME,ATL,6,L,32117.0,reg
2011-06-12,HOU,1,HOME,ATL,4,L,23765.0,reg
2011-06-13,HOU,8,HOME,ATL,3,W,21466.0,reg
2011-06-14,HOU,0,HOME,PIT,1,L,29712.0,reg
2011-06-15,HOU,3,HOME,PIT,7,L,29866.0,reg
2011-06-16,HOU,4,HOME,PIT,5,L,26415.0,reg
2011-06-17,HOU,7,AWAY,LAD,3,W,35053.0,reg
2011-06-18,HOU,7,AWAY,LAD,0,W,36124.0,reg
2011-06-19,HOU,0,AWAY,LAD,1,L,44665.0,reg
2011-06-20,HOU,3,AWAY,TEX,8,L,41205.0,reg
2011-06-21,HOU,4,AWAY,TEX,5,L,33533.0,reg
2011-06-22,HOU,5,AWAY,TEX,3,W,39708.0,reg
2011-06-24,HOU,1,HOME,TBR,5,L,26682.0,reg
2011-06-25,HOU,2,HOME,TBR,7,L,27208.0,reg
2011-06-26,HOU,10,HOME,TBR,14,L,23965.0,reg
2011-06-28,HOU,3,HOME,TEX,7,L,29132.0,reg
2011-06-29,HOU,2,HOME,TEX,3,L,24472.0,reg
2011-06-30,HOU,7,HOME,TEX,0,W,25938.0,reg
2011-07-01,HOU,5,HOME,BOS,7,L,36279.0,reg
2011-07-02,HOU,4,HOME,BOS,10,L,39021.0,reg
2011-07-03,HOU,1,HOME,BOS,2,L,38035.0,reg
2011-07-04,HOU,3,AWAY,PIT,5,L,36942.0,reg
2011-07-05,HOU,1,AWAY,PIT,5,L,18151.0,reg
2011-07-06,HOU,8,AWAY,PIT,2,W,18910.0,reg
2011-07-07,HOU,0,AWAY,FLA,5,L,17806.0,reg
2011-07-08,HOU,3,AWAY,FLA,6,L,17044.0,reg
2011-07-09,HOU,1,AWAY,FLA,6,L,20402.0,reg
2011-07-10,HOU,4,AWAY,FLA,5,L,17123.0,reg
2011-07-15,HOU,0,HOME,PIT,4,L,27787.0,reg
2011-07-16,HOU,6,HOME,PIT,4,W,35081.0,reg
2011-07-17,HOU,5,HOME,PIT,7,L,24580.0,reg
2011-07-18,HOU,2,HOME,WSN,5,L,28975.0,reg
2011-07-19,HOU,7,HOME,WSN,6,W,32418.0,reg
2011-07-20,HOU,3,HOME,WSN,2,W,29605.0,reg
2011-07-22,HOU,2,AWAY,CHC,4,L,39855.0,reg
2011-07-23,HOU,1,AWAY,CHC,5,L,40486.0,reg
2011-07-24,HOU,4,AWAY,CHC,5,L,40406.0,reg
2011-07-25,HOU,5,AWAY,STL,10,L,38074.0,reg
2011-07-26,HOU,1,AWAY,STL,3,L,35588.0,reg
2011-07-27,HOU,4,AWAY,STL,2,W,35679.0,reg
2011-07-28,HOU,5,AWAY,STL,3,W,38794.0,reg
2011-07-29,HOU,0,AWAY,MIL,4,L,41672.0,reg
2011-07-30,HOU,2,AWAY,MIL,6,L,44306.0,reg
2011-07-31,HOU,4,AWAY,MIL,5,L,41738.0,reg
2011-08-01,HOU,4,HOME,CIN,3,W,21502.0,reg
2011-08-02,HOU,1,HOME,CIN,5,L,22603.0,reg
2011-08-03,HOU,5,HOME,CIN,4,W,22102.0,reg
2011-08-05,HOU,1,HOME,MIL,8,L,25811.0,reg
2011-08-06,HOU,5,HOME,MIL,7,L,30561.0,reg
2011-08-07,HOU,3,HOME,MIL,7,L,22885.0,reg
2011-08-08,HOU,9,AWAY,ARI,1,W,17448.0,reg
2011-08-09,HOU,9,AWAY,ARI,11,L,17814.0,reg
2011-08-10,HOU,3,AWAY,ARI,6,L,18628.0,reg
2011-08-11,HOU,5,AWAY,ARI,8,L,18418.0,reg
2011-08-12,HOU,0,AWAY,LAD,1,L,33642.0,reg
2011-08-13,HOU,1,AWAY,LAD,6,L,36111.0,reg
2011-08-14,HOU,0,AWAY,LAD,7,L,36339.0,reg
2011-08-15,HOU,3,HOME,CHC,4,L,20138.0,reg
2011-08-16,HOU,6,HOME,CHC,5,W,23736.0,reg
2011-08-17,HOU,4,HOME,CHC,3,W,24054.0,reg
2011-08-19,HOU,6,HOME,SFG,0,W,26259.0,reg
2011-08-20,HOU,7,HOME,SFG,5,W,29046.0,reg
2011-08-21,HOU,4,HOME,SFG,6,L,25838.0,reg
2011-08-22,HOU,5,AWAY,COL,9,L,27166.0,reg
2011-08-23,HOU,6,AWAY,COL,8,L,31179.0,reg
2011-08-24,HOU,6,AWAY,COL,7,L,30333.0,reg
2011-08-25,HOU,3,AWAY,SFG,1,W,41115.0,reg
2011-08-26,HOU,1,AWAY,SFG,2,L,41438.0,reg
2011-08-27,HOU,1,AWAY,SFG,2,L,42318.0,reg
2011-08-28,HOU,4,AWAY,SFG,3,W,41681.0,reg
2011-08-29,HOU,7,HOME,PIT,4,W,19250.0,reg
2011-08-30,HOU,8,HOME,PIT,2,W,21750.0,reg
2011-08-31,HOU,2,HOME,PIT,0,W,22918.0,reg
2011-09-02,HOU,2,HOME,MIL,8,L,20045.0,reg
2011-09-03,HOU,2,HOME,MIL,8,L,24982.0,reg
2011-09-04,HOU,0,HOME,MIL,4,L,21976.0,reg
2011-09-05,HOU,1,AWAY,PIT,3,L,13366.0,reg
2011-09-06,HOU,4,AWAY,PIT,1,W,9840.0,reg
2011-09-07,HOU,4,AWAY,PIT,5,L,12330.0,reg
2011-09-09,HOU,3,AWAY,WSN,4,L,18307.0,reg
2011-09-10,HOU,9,AWAY,WSN,3,W,30935.0,reg
2011-09-11,HOU,2,AWAY,WSN,8,L,24238.0,reg
2011-09-12,HOU,5,HOME,PHI,1,W,22231.0,reg
2011-09-13,HOU,5,HOME,PHI,2,W,24302.0,reg
2011-09-14,HOU,0,HOME,PHI,1,L,20027.0,reg
2011-09-16,HOU,3,AWAY,CHC,4,L,35318.0,reg
2011-09-17,HOU,1,AWAY,CHC,2,L,39377.0,reg
2011-09-18,HOU,3,AWAY,CHC,2,W,36250.0,reg
2011-09-19,HOU,3,AWAY,CIN,2,W,21168.0,reg
2011-09-20,HOU,4,AWAY,CIN,6,L,23847.0,reg
2011-09-21,HOU,0,AWAY,CIN,2,L,20875.0,reg
2011-09-22,HOU,9,HOME,COL,6,W,20773.0,reg
2011-09-23,HOU,11,HOME,COL,2,W,22467.0,reg
2011-09-24,HOU,2,HOME,COL,4,L,26209.0,reg
2011-09-25,HOU,3,HOME,COL,19,L,21621.0,reg
2011-09-26,HOU,5,HOME,STL,4,W,20017.0,reg
2011-09-27,HOU,6,HOME,STL,13,L,22021.0,reg
2011-09-28,HOU,0,HOME,STL,8,L,24358.0,reg
2012-04-06,HOU,3,HOME,COL,5,L,43464.0,reg
2012-04-07,HOU,7,HOME,COL,3,W,23962.0,reg
2012-04-08,HOU,3,HOME,COL,2,W,14195.0,reg
2012-04-09,HOU,8,HOME,ATL,3,W,17095.0,reg
2012-04-10,HOU,4,HOME,ATL,6,L,22036.0,reg
2012-04-11,HOU,3,HOME,ATL,6,L,18225.0,reg
2012-04-13,HOU,4,AWAY,MIA,5,L,30169.0,reg
2012-04-14,HOU,5,AWAY,MIA,4,W,31659.0,reg
2012-04-15,HOU,4,AWAY,MIA,5,L,34232.0,reg
2012-04-16,HOU,3,AWAY,WSN,6,L,16245.0,reg
2012-04-17,HOU,0,AWAY,WSN,1,L,17886.0,reg
2012-04-18,HOU,2,AWAY,WSN,3,L,14520.0,reg
2012-04-19,HOU,11,AWAY,WSN,4,W,18045.0,reg
2012-04-20,HOU,1,HOME,LAD,3,L,30270.0,reg
2012-04-21,HOU,1,HOME,LAD,5,L,25562.0,reg
2012-04-22,HOU,12,HOME,LAD,0,W,23948.0,reg
2012-04-23,HOU,5,AWAY,MIL,6,L,36291.0,reg
2012-04-24,HOU,6,AWAY,MIL,9,L,38686.0,reg
2012-04-25,HOU,7,AWAY,MIL,5,W,26778.0,reg
2012-04-27,HOU,6,AWAY,CIN,4,W,29486.0,reg
2012-04-28,HOU,0,AWAY,CIN,6,L,32971.0,reg
2012-04-29,HOU,5,AWAY,CIN,6,L,31086.0,reg
2012-04-30,HOU,4,HOME,NYM,3,W,17536.0,reg
2012-05-01,HOU,6,HOME,NYM,3,W,17958.0,reg
2012-05-02,HOU,8,HOME,NYM,1,W,19442.0,reg
2012-05-04,HOU,5,HOME,STL,4,W,27201.0,reg
2012-05-05,HOU,8,HOME,STL,2,W,23633.0,reg
2012-05-06,HOU,1,HOME,STL,8,L,22288.0,reg
2012-05-07,HOU,0,HOME,MIA,4,L,16531.0,reg
2012-05-08,HOU,3,HOME,MIA,2,W,14801.0,reg
2012-05-09,HOU,3,HOME,MIA,5,L,16072.0,reg
2012-05-11,HOU,1,AWAY,PIT,0,W,19878.0,reg
2012-05-12,HOU,2,AWAY,PIT,5,L,34187.0,reg
2012-05-13,HOU,2,AWAY,PIT,3,L,27517.0,reg
2012-05-14,HOU,1,AWAY,PHI,5,L,43824.0,reg
2012-05-15,HOU,3,AWAY,PHI,4,L,43781.0,reg
2012-05-16,HOU,8,HOME,MIL,3,W,15453.0,reg
2012-05-17,HOU,4,HOME,MIL,0,W,15173.0,reg
2012-05-18,HOU,1,HOME,TEX,4,L,34715.0,reg
2012-05-19,HOU,6,HOME,TEX,5,W,42673.0,reg
2012-05-20,HOU,1,HOME,TEX,6,L,35873.0,reg
2012-05-21,HOU,8,HOME,CHC,4,W,16895.0,reg
2012-05-22,HOU,2,HOME,CHC,1,W,20091.0,reg
2012-05-23,HOU,5,HOME,CHC,1,W,18732.0,reg
2012-05-25,HOU,3,AWAY,LAD,1,W,36283.0,reg
2012-05-26,HOU,3,AWAY,LAD,6,L,36561.0,reg
2012-05-27,HOU,1,AWAY,LAD,5,L,33306.0,reg
2012-05-28,HOU,7,AWAY,COL,9,L,34546.0,reg
2012-05-28,HOU,6,AWAY,COL,7,L,35786.0,reg
2012-05-30,HOU,5,AWAY,COL,13,L,28102.0,reg
2012-05-31,HOU,5,AWAY,COL,11,L,31799.0,reg
2012-06-01,HOU,1,HOME,CIN,4,L,21464.0,reg
2012-06-02,HOU,9,HOME,CIN,12,L,22991.0,reg
2012-06-03,HOU,5,HOME,CIN,3,W,19914.0,reg
2012-06-05,HOU,9,HOME,STL,8,W,18911.0,reg
2012-06-06,HOU,3,HOME,STL,4,L,18517.0,reg
2012-06-07,HOU,2,HOME,STL,14,L,22265.0,reg
2012-06-08,HOU,8,AWAY,CHW,3,W,22452.0,reg
2012-06-09,HOU,1,AWAY,CHW,10,L,22880.0,reg
2012-06-10,HOU,11,AWAY,CHW,9,W,20398.0,reg
2012-06-12,HOU,3,AWAY,SFG,6,L,42100.0,reg
2012-06-13,HOU,0,AWAY,SFG,10,L,42298.0,reg
2012-06-14,HOU,6,AWAY,SFG,3,W,41662.0,reg
2012-06-15,HOU,2,AWAY,TEX,6,L,47430.0,reg
2012-06-16,HOU,3,AWAY,TEX,8,L,48288.0,reg
2012-06-17,HOU,3,AWAY,TEX,9,L,46320.0,reg
2012-06-18,HOU,9,HOME,KCR,7,W,15436.0,reg
2012-06-19,HOU,0,HOME,KCR,2,L,18098.0,reg
2012-06-20,HOU,1,HOME,KCR,2,L,30687.0,reg
2012-06-22,HOU,0,HOME,CLE,2,L,26932.0,reg
2012-06-23,HOU,8,HOME,CLE,1,W,34241.0,reg
2012-06-24,HOU,7,HOME,CLE,1,W,21191.0,reg
2012-06-25,HOU,7,HOME,SDP,8,L,14483.0,reg
2012-06-26,HOU,5,HOME,SDP,3,W,15416.0,reg
2012-06-27,HOU,1,HOME,SDP,0,W,15012.0,reg
2012-06-28,HOU,3,HOME,SDP,7,L,19415.0,reg
2012-06-29,HOU,0,AWAY,CHC,4,L,32891.0,reg
2012-06-30,HOU,2,AWAY,CHC,3,L,37906.0,reg
2012-07-01,HOU,0,AWAY,CHC,3,L,37389.0,reg
2012-07-02,HOU,2,AWAY,PIT,11,L,21041.0,reg
2012-07-03,HOU,7,AWAY,PIT,8,L,21516.0,reg
2012-07-04,HOU,4,AWAY,PIT,6,L,36827.0,reg
2012-07-05,HOU,0,AWAY,PIT,2,L,21386.0,reg
2012-07-06,HOU,1,HOME,MIL,7,L,23430.0,reg
2012-07-07,HOU,6,HOME,MIL,3,W,23027.0,reg
2012-07-08,HOU,3,HOME,MIL,5,L,16966.0,reg
2012-07-13,HOU,1,AWAY,SFG,5,L,42116.0,reg
2012-07-14,HOU,2,AWAY,SFG,3,L,42171.0,reg
2012-07-15,HOU,2,AWAY,SFG,3,L,42265.0,reg
2012-07-16,HOU,2,AWAY,SDP,0,W,26098.0,reg
2012-07-17,HOU,2,AWAY,SDP,8,L,20944.0,reg
2012-07-18,HOU,4,AWAY,SDP,8,L,25713.0,reg
2012-07-19,HOU,0,AWAY,SDP,1,L,26735.0,reg
2012-07-20,HOU,8,AWAY,ARI,13,L,23567.0,reg
2012-07-21,HOU,3,AWAY,ARI,12,L,35665.0,reg
2012-07-22,HOU,2,AWAY,ARI,8,L,20951.0,reg
2012-07-23,HOU,3,HOME,CIN,8,L,15538.0,reg
2012-07-24,HOU,2,HOME,CIN,4,L,15908.0,reg
2012-07-25,HOU,3,HOME,CIN,5,L,16077.0,reg
2012-07-26,HOU,3,HOME,PIT,5,L,19926.0,reg
2012-07-27,HOU,5,HOME,PIT,6,L,24685.0,reg
2012-07-28,HOU,3,HOME,PIT,4,L,34146.0,reg
2012-07-29,HOU,9,HOME,PIT,5,W,20453.0,reg
2012-07-30,HOU,7,AWAY,MIL,8,L,28131.0,reg
2012-07-31,HOU,1,AWAY,MIL,10,L,30011.0,reg
2012-08-01,HOU,4,AWAY,MIL,13,L,32217.0,reg
2012-08-03,HOU,1,AWAY,ATL,4,L,28300.0,reg
2012-08-04,HOU,3,AWAY,ATL,2,W,30029.0,reg
2012-08-05,HOU,1,AWAY,ATL,6,L,23474.0,reg
2012-08-06,HOU,4,HOME,WSN,5,L,13843.0,reg
2012-08-07,HOU,2,HOME,WSN,3,L,14273.0,reg
2012-08-08,HOU,3,HOME,WSN,4,L,16038.0,reg
2012-08-09,HOU,0,HOME,WSN,5,L,14417.0,reg
2012-08-10,HOU,4,HOME,MIL,3,W,21025.0,reg
2012-08-11,HOU,6,HOME,MIL,5,W,17942.0,reg
2012-08-12,HOU,3,HOME,MIL,5,L,19235.0,reg
2012-08-13,HOU,1,AWAY,CHC,7,L,31452.0,reg
2012-08-14,HOU,10,AWAY,CHC,1,W,33376.0,reg
2012-08-15,HOU,2,AWAY,CHC,7,L,33714.0,reg
2012-08-17,HOU,1,HOME,ARI,3,L,19223.0,reg
2012-08-18,HOU,4,HOME,ARI,12,L,20838.0,reg
2012-08-19,HOU,1,HOME,ARI,8,L,14923.0,reg
2012-08-21,HOU,0,AWAY,STL,7,L,35370.0,reg
2012-08-22,HOU,2,AWAY,STL,4,L,35198.0,reg
2012-08-23,HOU,5,AWAY,STL,13,L,30343.0,reg
2012-08-24,HOU,3,AWAY,NYM,1,W,25513.0,reg
2012-08-25,HOU,1,AWAY,NYM,3,L,29906.0,reg
2012-08-26,HOU,1,AWAY,NYM,2,L,25071.0,reg
2012-08-28,HOU,2,HOME,SFG,3,L,13516.0,reg
2012-08-29,HOU,4,HOME,SFG,6,L,13207.0,reg
2012-08-30,HOU,4,HOME,SFG,8,L,12835.0,reg
2012-08-31,HOU,3,HOME,CIN,9,L,15287.0,reg
2012-09-01,HOU,2,HOME,CIN,1,W,18316.0,reg
2012-09-02,HOU,3,HOME,CIN,5,L,17291.0,reg
2012-09-03,HOU,5,AWAY,PIT,1,W,20055.0,reg
2012-09-04,HOU,2,AWAY,PIT,6,L,12785.0,reg
2012-09-05,HOU,3,AWAY,PIT,6,L,14159.0,reg
2012-09-07,HOU,5,AWAY,CIN,3,W,23785.0,reg
2012-09-08,HOU,1,AWAY,CIN,5,L,35018.0,reg
2012-09-09,HOU,5,AWAY,CIN,1,W,33438.0,reg
2012-09-10,HOU,1,HOME,CHC,4,L,13121.0,reg
2012-09-11,HOU,1,HOME,CHC,0,W,14205.0,reg
2012-09-12,HOU,1,HOME,CHC,5,L,13101.0,reg
2012-09-13,HOU,6,HOME,PHI,4,W,13028.0,reg
2012-09-14,HOU,6,HOME,PHI,12,L,17535.0,reg
2012-09-15,HOU,5,HOME,PHI,0,W,20419.0,reg
2012-09-16,HOU,7,HOME,PHI,6,W,17438.0,reg
2012-09-18,HOU,1,AWAY,STL,4,L,35422.0,reg
2012-09-19,HOU,0,AWAY,STL,5,L,39062.0,reg
2012-09-20,HOU,4,AWAY,STL,5,L,34788.0,reg
2012-09-21,HOU,7,HOME,PIT,1,W,17093.0,reg
2012-09-22,HOU,4,HOME,PIT,1,W,17185.0,reg
2012-09-23,HOU,1,HOME,PIT,8,L,15207.0,reg
2012-09-24,HOU,1,HOME,STL,6,L,12584.0,reg
2012-09-25,HOU,0,HOME,STL,4,L,16943.0,reg
2012-09-26,HOU,2,HOME,STL,0,W,18712.0,reg
2012-09-28,HOU,7,AWAY,MIL,6,W,41716.0,reg
2012-09-29,HOU,5,AWAY,MIL,9,L,34294.0,reg
2012-09-30,HOU,7,AWAY,MIL,0,W,38443.0,reg
2012-10-01,HOU,3,AWAY,CHC,0,W,32167.0,reg
2012-10-02,HOU,3,AWAY,CHC,0,W,33168.0,reg
2012-10-03,HOU,4,AWAY,CHC,5,L,27606.0,reg
2013-03-31,HOU,8,HOME,TEX,2,W,41307.0,reg
2013-04-02,HOU,0,HOME,TEX,7,L,22673.0,reg
2013-04-03,HOU,0,HOME,TEX,4,L,15831.0,reg
2013-04-05,HOU,3,HOME,OAK,8,L,18197.0,reg
2013-04-06,HOU,3,HOME,OAK,6,L,18685.0,reg
2013-04-07,HOU,3,HOME,OAK,9,L,16914.0,reg
2013-04-08,HOU,0,AWAY,SEA,3,L,42589.0,reg
2013-04-09,HOU,16,AWAY,SEA,9,W,10765.0,reg
2013-04-10,HOU,8,AWAY,SEA,3,W,10496.0,reg
2013-04-12,HOU,5,AWAY,LAA,0,W,37674.0,reg
2013-04-13,HOU,4,AWAY,LAA,5,L,43520.0,reg
2013-04-14,HOU,1,AWAY,LAA,4,L,36126.0,reg
2013-04-15,HOU,2,AWAY,OAK,11,L,10689.0,reg
2013-04-16,HOU,3,AWAY,OAK,4,L,11038.0,reg
2013-04-17,HOU,5,AWAY,OAK,7,L,15488.0,reg
2013-04-19,HOU,3,HOME,CLE,2,W,17241.0,reg
2013-04-20,HOU,6,HOME,CLE,19,L,19904.0,reg
2013-04-21,HOU,4,HOME,CLE,5,L,22005.0,reg
2013-04-22,HOU,1,HOME,SEA,7,L,23201.0,reg
2013-04-23,HOU,3,HOME,SEA,2,W,13929.0,reg
2013-04-24,HOU,10,HOME,SEA,3,W,11686.0,reg
2013-04-25,HOU,2,AWAY,BOS,7,L,30093.0,reg
2013-04-26,HOU,3,AWAY,BOS,7,L,29312.0,reg
2013-04-27,HOU,4,AWAY,BOS,8,L,34726.0,reg
2013-04-28,HOU,1,AWAY,BOS,6,L,36527.0,reg
2013-04-29,HOU,9,AWAY,NYY,1,W,34262.0,reg
2013-04-30,HOU,4,AWAY,NYY,7,L,34301.0,reg
2013-05-01,HOU,4,AWAY,NYY,5,L,34117.0,reg
2013-05-02,HOU,3,HOME,DET,7,L,16624.0,reg
2013-05-03,HOU,3,HOME,DET,4,L,16719.0,reg
2013-05-04,HOU,2,HOME,DET,17,L,21266.0,reg
2013-05-05,HOU,0,HOME,DET,9,L,23228.0,reg
2013-05-07,HOU,7,HOME,LAA,6,W,15266.0,reg
2013-05-08,HOU,3,HOME,LAA,1,W,12906.0,reg
2013-05-09,HOU,5,HOME,LAA,6,L,13003.0,reg
2013-05-10,HOU,2,HOME,TEX,4,L,20293.0,reg
2013-05-11,HOU,7,HOME,TEX,8,L,27188.0,reg
2013-05-12,HOU,7,HOME,TEX,12,L,19730.0,reg
2013-05-13,HOU,2,AWAY,DET,7,L,31161.0,reg
2013-05-14,HOU,2,AWAY,DET,6,L,34542.0,reg
2013-05-15,HOU,7,AWAY,DET,5,W,40315.0,reg
2013-05-17,HOU,4,AWAY,PIT,5,L,29743.0,reg
2013-05-18,HOU,4,AWAY,PIT,2,W,32925.0,reg
2013-05-19,HOU,0,AWAY,PIT,1,L,28471.0,reg
2013-05-20,HOU,6,HOME,KCR,5,W,12989.0,reg
2013-05-21,HOU,3,HOME,KCR,7,L,12302.0,reg
2013-05-22,HOU,3,HOME,KCR,1,W,12324.0,reg
2013-05-24,HOU,5,HOME,OAK,6,L,15907.0,reg
2013-05-25,HOU,5,HOME,OAK,11,L,18591.0,reg
2013-05-26,HOU,2,HOME,OAK,6,L,19366.0,reg
2013-05-27,HOU,3,HOME,COL,2,W,16044.0,reg
2013-05-28,HOU,1,HOME,COL,2,L,11974.0,reg
2013-05-29,HOU,6,AWAY,COL,3,W,26881.0,reg
2013-05-30,HOU,7,AWAY,COL,5,W,26239.0,reg
2013-05-31,HOU,6,AWAY,LAA,3,W,34401.0,reg
2013-06-01,HOU,2,AWAY,LAA,0,W,40087.0,reg
2013-06-02,HOU,5,AWAY,LAA,4,W,35515.0,reg
2013-06-03,HOU,2,AWAY,LAA,1,W,30010.0,reg
2013-06-04,HOU,1,HOME,BAL,4,L,15920.0,reg
2013-06-05,HOU,11,HOME,BAL,7,W,15526.0,reg
2013-06-06,HOU,1,HOME,BAL,3,L,14664.0,reg
2013-06-07,HOU,2,AWAY,KCR,4,L,24808.0,reg
2013-06-08,HOU,2,AWAY,KCR,7,L,28055.0,reg
2013-06-09,HOU,0,AWAY,KCR,2,L,20723.0,reg
2013-06-10,HOU,2,AWAY,SEA,3,L,12817.0,reg
2013-06-11,HOU,0,AWAY,SEA,4,L,10267.0,reg
2013-06-12,HOU,6,AWAY,SEA,1,W,13823.0,reg
2013-06-14,HOU,2,HOME,CHW,1,W,20496.0,reg
2013-06-15,HOU,4,HOME,CHW,3,W,21549.0,reg
2013-06-16,HOU,5,HOME,CHW,4,W,25829.0,reg
2013-06-17,HOU,2,HOME,CHW,4,L,13870.0,reg
2013-06-18,HOU,10,HOME,MIL,1,W,13330.0,reg
2013-06-19,HOU,1,HOME,MIL,3,L,15866.0,reg
2013-06-20,HOU,7,HOME,MIL,4,W,17803.0,reg
2013-06-21,HOU,1,AWAY,CHC,3,L,33119.0,reg
2013-06-22,HOU,4,AWAY,CHC,3,W,38870.0,reg
2013-06-23,HOU,6,AWAY,CHC,14,L,35121.0,reg
2013-06-25,HOU,5,HOME,STL,13,L,19271.0,reg
2013-06-26,HOU,4,HOME,STL,3,W,17428.0,reg
2013-06-28,HOU,2,HOME,LAA,4,L,20498.0,reg
2013-06-29,HOU,2,HOME,LAA,7,L,26650.0,reg
2013-06-30,HOU,1,HOME,LAA,3,L,22361.0,reg
2013-07-01,HOU,0,HOME,TBR,12,L,12722.0,reg
2013-07-02,HOU,0,HOME,TBR,8,L,19631.0,reg
2013-07-03,HOU,4,HOME,TBR,1,W,14143.0,reg
2013-07-04,HOU,5,HOME,TBR,7,L,20470.0,reg
2013-07-05,HOU,5,AWAY,TEX,10,L,44232.0,reg
2013-07-06,HOU,9,AWAY,TEX,5,W,44272.0,reg
2013-07-07,HOU,4,AWAY,TEX,5,L,36746.0,reg
2013-07-09,HOU,5,AWAY,STL,9,L,43836.0,reg
2013-07-10,HOU,4,AWAY,STL,5,L,44313.0,reg
2013-07-12,HOU,2,AWAY,TBR,1,W,13347.0,reg
2013-07-13,HOU,3,AWAY,TBR,4,L,20409.0,reg
2013-07-14,HOU,0,AWAY,TBR,5,L,21180.0,reg
2013-07-19,HOU,7,HOME,SEA,10,L,24635.0,reg
2013-07-20,HOU,2,HOME,SEA,4,L,25733.0,reg
2013-07-21,HOU,5,HOME,SEA,12,L,38838.0,reg
2013-07-22,HOU,3,HOME,OAK,4,L,16381.0,reg
2013-07-23,HOU,5,HOME,OAK,4,W,32249.0,reg
2013-07-24,HOU,3,HOME,OAK,4,L,24831.0,reg
2013-07-25,HOU,0,AWAY,TOR,4,L,24188.0,reg
2013-07-26,HOU,6,AWAY,TOR,12,L,24088.0,reg
2013-07-27,HOU,8,AWAY,TOR,6,W,34317.0,reg
2013-07-28,HOU,1,AWAY,TOR,2,L,31634.0,reg
2013-07-30,HOU,3,AWAY,BAL,4,L,24904.0,reg
2013-07-31,HOU,11,AWAY,BAL,0,W,25265.0,reg
2013-08-01,HOU,3,AWAY,BAL,6,L,17909.0,reg
2013-08-02,HOU,3,AWAY,MIN,4,L,30633.0,reg
2013-08-03,HOU,4,AWAY,MIN,6,L,38078.0,reg
2013-08-04,HOU,2,AWAY,MIN,3,L,34780.0,reg
2013-08-05,HOU,2,HOME,BOS,0,W,24543.0,reg
2013-08-06,HOU,10,HOME,BOS,15,L,21620.0,reg
2013-08-07,HOU,5,HOME,BOS,7,L,22205.0,reg
2013-08-09,HOU,5,HOME,TEX,9,L,23673.0,reg
2013-08-10,HOU,4,HOME,TEX,5,L,33322.0,reg
2013-08-11,HOU,1,HOME,TEX,6,L,22922.0,reg
2013-08-12,HOU,1,HOME,TEX,2,L,18712.0,reg
2013-08-13,HOU,5,AWAY,OAK,4,W,14261.0,reg
2013-08-14,HOU,2,AWAY,OAK,1,W,18278.0,reg
2013-08-15,HOU,0,AWAY,OAK,5,L,16487.0,reg
2013-08-16,HOU,8,AWAY,LAA,2,W,39074.0,reg
2013-08-17,HOU,5,AWAY,LAA,6,L,40246.0,reg
2013-08-18,HOU,7,AWAY,LAA,5,W,36896.0,reg
2013-08-19,HOU,5,AWAY,TEX,16,L,32113.0,reg
2013-08-20,HOU,2,AWAY,TEX,4,L,39009.0,reg
2013-08-21,HOU,4,AWAY,TEX,5,L,38699.0,reg
2013-08-23,HOU,12,HOME,TOR,4,W,21186.0,reg
2013-08-24,HOU,8,HOME,TOR,5,W,26312.0,reg
2013-08-25,HOU,1,HOME,TOR,2,L,21407.0,reg
2013-08-26,HOU,10,AWAY,CHW,8,W,13404.0,reg
2013-08-27,HOU,3,AWAY,CHW,4,L,15491.0,reg
2013-08-28,HOU,1,AWAY,CHW,6,L,15961.0,reg
2013-08-29,HOU,2,HOME,SEA,3,L,22203.0,reg
2013-08-30,HOU,1,HOME,SEA,7,L,13869.0,reg
2013-08-31,HOU,1,HOME,SEA,3,L,21085.0,reg
2013-09-01,HOU,2,HOME,SEA,0,W,17203.0,reg
2013-09-02,HOU,6,HOME,MIN,10,L,14287.0,reg
2013-09-03,HOU,6,HOME,MIN,9,L,13500.0,reg
2013-09-04,HOU,6,HOME,MIN,5,W,14869.0,reg
2013-09-05,HOU,3,AWAY,OAK,2,W,11569.0,reg
2013-09-06,HOU,5,AWAY,OAK,7,L,15502.0,reg
2013-09-07,HOU,1,AWAY,OAK,2,L,20340.0,reg
2013-09-08,HOU,2,AWAY,OAK,7,L,18824.0,reg
2013-09-09,HOU,6,AWAY,SEA,4,W,9808.0,reg
2013-09-10,HOU,13,AWAY,SEA,2,W,10245.0,reg
2013-09-11,HOU,6,AWAY,SEA,1,W,11656.0,reg
2013-09-13,HOU,9,HOME,LAA,7,W,19742.0,reg
2013-09-14,HOU,2,HOME,LAA,6,L,21903.0,reg
2013-09-15,HOU,1,HOME,LAA,2,L,21374.0,reg
2013-09-16,HOU,1,HOME,CIN,6,L,15449.0,reg
2013-09-17,HOU,0,HOME,CIN,10,L,25582.0,reg
2013-09-18,HOU,5,HOME,CIN,6,L,29701.0,reg
2013-09-19,HOU,1,AWAY,CLE,2,L,12607.0,reg
2013-09-20,HOU,1,AWAY,CLE,2,L,17310.0,reg
2013-09-21,HOU,1,AWAY,CLE,4,L,26611.0,reg
2013-09-22,HOU,2,AWAY,CLE,9,L,26168.0,reg
2013-09-23,HOU,0,AWAY,TEX,12,L,33743.0,reg
2013-09-24,HOU,2,AWAY,TEX,3,L,42267.0,reg
2013-09-25,HOU,3,AWAY,TEX,7,L,43207.0,reg
2013-09-27,HOU,2,HOME,NYY,3,L,29486.0,reg
2013-09-28,HOU,1,HOME,NYY,2,L,37199.0,reg
2013-09-29,HOU,1,HOME,NYY,5,L,40542.0,reg
2014-04-01,HOU,6,HOME,NYY,2,W,42117.0,reg
2014-04-02,HOU,3,HOME,NYY,1,W,23145.0,reg
2014-04-03,HOU,2,HOME,NYY,4,L,26348.0,reg
2014-04-04,HOU,1,HOME,LAA,11,L,15611.0,reg
2014-04-05,HOU,1,HOME,LAA,5,L,28515.0,reg
2014-04-06,HOU,7,HOME,LAA,4,W,14786.0,reg
2014-04-07,HOU,1,HOME,LAA,9,L,17936.0,reg
2014-04-08,HOU,2,AWAY,TOR,5,L,13123.0,reg
2014-04-09,HOU,3,AWAY,TOR,7,L,13569.0,reg
2014-04-10,HOU,6,AWAY,TOR,4,W,15778.0,reg
2014-04-11,HOU,0,AWAY,TEX,1,L,36150.0,reg
2014-04-12,HOU,6,AWAY,TEX,5,W,42577.0,reg
2014-04-13,HOU,0,AWAY,TEX,1,L,38698.0,reg
2014-04-15,HOU,2,HOME,KCR,4,L,29778.0,reg
2014-04-16,HOU,4,HOME,KCR,6,L,23043.0,reg
2014-04-17,HOU,1,HOME,KCR,5,L,26333.0,reg
2014-04-18,HOU,3,AWAY,OAK,11,L,18234.0,reg
2014-04-19,HOU,3,AWAY,OAK,4,L,33166.0,reg
2014-04-20,HOU,1,AWAY,OAK,4,L,16382.0,reg
2014-04-21,HOU,7,AWAY,SEA,2,W,14630.0,reg
2014-04-22,HOU,5,AWAY,SEA,2,W,10466.0,reg
2014-04-23,HOU,3,AWAY,SEA,5,L,13739.0,reg
2014-04-24,HOU,1,HOME,OAK,10,L,19987.0,reg
2014-04-25,HOU,5,HOME,OAK,12,L,17708.0,reg
2014-04-26,HOU,7,HOME,OAK,6,W,17850.0,reg
2014-04-27,HOU,5,HOME,OAK,1,W,18935.0,reg
2014-04-29,HOU,3,HOME,WSN,4,L,23394.0,reg
2014-04-30,HOU,0,HOME,WSN,7,L,25172.0,reg
2014-05-02,HOU,5,HOME,SEA,4,W,15771.0,reg
2014-05-03,HOU,8,HOME,SEA,9,L,15798.0,reg
2014-05-04,HOU,7,HOME,SEA,8,L,24996.0,reg
2014-05-05,HOU,0,AWAY,DET,2,L,26475.0,reg
2014-05-06,HOU,4,AWAY,DET,11,L,27939.0,reg
2014-05-07,HOU,2,AWAY,DET,3,L,26207.0,reg
2014-05-08,HOU,6,AWAY,DET,2,W,35643.0,reg
2014-05-09,HOU,3,AWAY,BAL,4,L,28875.0,reg
2014-05-10,HOU,4,AWAY,BAL,5,L,26264.0,reg
2014-05-11,HOU,5,AWAY,BAL,2,W,45944.0,reg
2014-05-12,HOU,0,HOME,TEX,4,L,14617.0,reg
2014-05-13,HOU,8,HOME,TEX,0,W,14028.0,reg
2014-05-14,HOU,5,HOME,TEX,4,W,17783.0,reg
2014-05-16,HOU,2,HOME,CHW,7,L,17529.0,reg
2014-05-17,HOU,6,HOME,CHW,5,W,20612.0,reg
2014-05-18,HOU,8,HOME,CHW,2,W,21532.0,reg
2014-05-19,HOU,5,AWAY,LAA,2,W,33150.0,reg
2014-05-20,HOU,3,AWAY,LAA,9,L,30150.0,reg
2014-05-21,HOU,1,AWAY,LAA,2,L,40112.0,reg
2014-05-22,HOU,1,AWAY,SEA,3,L,13836.0,reg
2014-05-23,HOU,1,AWAY,SEA,6,L,21192.0,reg
2014-05-24,HOU,9,AWAY,SEA,4,W,21585.0,reg
2014-05-25,HOU,4,AWAY,SEA,1,W,26839.0,reg
2014-05-26,HOU,9,AWAY,KCR,2,W,32070.0,reg
2014-05-27,HOU,3,AWAY,KCR,0,W,17826.0,reg
2014-05-28,HOU,9,AWAY,KCR,3,W,16220.0,reg
2014-05-29,HOU,3,HOME,BAL,1,W,22884.0,reg
2014-05-30,HOU,2,HOME,BAL,1,W,38482.0,reg
2014-05-31,HOU,1,HOME,BAL,4,L,29619.0,reg
2014-06-01,HOU,4,HOME,BAL,9,L,17022.0,reg
2014-06-03,HOU,7,HOME,LAA,2,W,23219.0,reg
2014-06-04,HOU,0,HOME,LAA,4,L,23902.0,reg
2014-06-05,HOU,8,HOME,LAA,5,W,24672.0,reg
2014-06-06,HOU,5,AWAY,MIN,4,W,29448.0,reg
2014-06-07,HOU,0,AWAY,MIN,8,L,27732.0,reg
2014-06-08,HOU,14,AWAY,MIN,5,W,31576.0,reg
2014-06-09,HOU,4,AWAY,ARI,3,W,18805.0,reg
2014-06-10,HOU,1,AWAY,ARI,4,L,17667.0,reg
2014-06-11,HOU,5,HOME,ARI,1,W,24319.0,reg
2014-06-12,HOU,5,HOME,ARI,4,W,33457.0,reg
2014-06-13,HOU,1,HOME,TBR,6,L,26829.0,reg
2014-06-14,HOU,7,HOME,TBR,3,W,26264.0,reg
2014-06-15,HOU,3,HOME,TBR,4,L,25526.0,reg
2014-06-17,HOU,5,AWAY,WSN,6,L,29960.0,reg
2014-06-18,HOU,5,AWAY,WSN,6,L,25453.0,reg
2014-06-19,HOU,0,AWAY,TBR,5,L,10880.0,reg
2014-06-20,HOU,3,AWAY,TBR,1,W,13961.0,reg
2014-06-21,HOU,0,AWAY,TBR,8,L,17551.0,reg
2014-06-22,HOU,2,AWAY,TBR,5,L,13841.0,reg
2014-06-24,HOU,2,HOME,ATL,3,L,18912.0,reg
2014-06-25,HOU,0,HOME,ATL,4,L,20559.0,reg
2014-06-26,HOU,6,HOME,ATL,1,W,24474.0,reg
2014-06-27,HOU,4,HOME,DET,3,W,22386.0,reg
2014-06-28,HOU,3,HOME,DET,4,L,25788.0,reg
2014-06-29,HOU,6,HOME,DET,4,W,22478.0,reg
2014-06-30,HOU,4,HOME,SEA,10,L,17340.0,reg
2014-07-01,HOU,2,HOME,SEA,13,L,17504.0,reg
2014-07-02,HOU,2,HOME,SEA,5,L,17209.0,reg
2014-07-03,HOU,2,AWAY,LAA,5,L,37625.0,reg
2014-07-04,HOU,6,AWAY,LAA,7,L,43557.0,reg
2014-07-05,HOU,5,AWAY,LAA,11,L,40479.0,reg
2014-07-06,HOU,1,AWAY,LAA,6,L,33552.0,reg
2014-07-07,HOU,12,AWAY,TEX,7,W,31010.0,reg
2014-07-08,HOU,8,AWAY,TEX,3,W,32608.0,reg
2014-07-09,HOU,8,AWAY,TEX,4,W,31161.0,reg
2014-07-11,HOU,3,HOME,BOS,8,L,27264.0,reg
2014-07-12,HOU,3,HOME,BOS,2,W,26322.0,reg
2014-07-13,HOU,0,HOME,BOS,11,L,20681.0,reg
2014-07-18,HOU,2,AWAY,CHW,3,L,28777.0,reg
2014-07-19,HOU,3,AWAY,CHW,4,L,28210.0,reg
2014-07-20,HOU,11,AWAY,CHW,7,W,26256.0,reg
2014-07-22,HOU,3,AWAY,OAK,2,W,22908.0,reg
2014-07-23,HOU,7,AWAY,OAK,9,L,28310.0,reg
2014-07-24,HOU,1,AWAY,OAK,13,L,22759.0,reg
2014-07-25,HOU,0,HOME,MIA,2,L,23132.0,reg
2014-07-26,HOU,3,HOME,MIA,7,L,28968.0,reg
2014-07-27,HOU,2,HOME,MIA,4,L,17858.0,reg
2014-07-28,HOU,7,HOME,OAK,3,W,18259.0,reg
2014-07-29,HOU,4,HOME,OAK,7,L,16940.0,reg
2014-07-30,HOU,8,HOME,OAK,1,W,17637.0,reg
2014-07-31,HOU,5,HOME,TOR,6,L,17423.0,reg
2014-08-01,HOU,3,HOME,TOR,1,W,19576.0,reg
2014-08-02,HOU,8,HOME,TOR,2,W,19946.0,reg
2014-08-03,HOU,6,HOME,TOR,1,W,19932.0,reg
2014-08-05,HOU,1,AWAY,PHI,2,L,28336.0,reg
2014-08-06,HOU,3,AWAY,PHI,10,L,26691.0,reg
2014-08-07,HOU,5,AWAY,PHI,6,L,26609.0,reg
2014-08-08,HOU,4,HOME,TEX,3,W,24256.0,reg
2014-08-09,HOU,8,HOME,TEX,3,W,24019.0,reg
2014-08-10,HOU,2,HOME,TEX,6,L,19239.0,reg
2014-08-11,HOU,2,HOME,MIN,4,L,15569.0,reg
2014-08-12,HOU,10,HOME,MIN,4,W,17490.0,reg
2014-08-13,HOU,1,HOME,MIN,3,L,16480.0,reg
2014-08-14,HOU,4,AWAY,BOS,9,L,38065.0,reg
2014-08-15,HOU,5,AWAY,BOS,3,W,37016.0,reg
2014-08-16,HOU,7,AWAY,BOS,10,L,37652.0,reg
2014-08-17,HOU,8,AWAY,BOS,1,W,36717.0,reg
2014-08-19,HOU,7,AWAY,NYY,4,W,40015.0,reg
2014-08-20,HOU,5,AWAY,NYY,2,W,42102.0,reg
2014-08-21,HOU,0,AWAY,NYY,3,L,41767.0,reg
2014-08-22,HOU,5,AWAY,CLE,1,W,18743.0,reg
2014-08-23,HOU,2,AWAY,CLE,3,L,20785.0,reg
2014-08-24,HOU,1,AWAY,CLE,3,L,17123.0,reg
2014-08-25,HOU,2,HOME,OAK,8,L,14094.0,reg
2014-08-26,HOU,4,HOME,OAK,2,W,17345.0,reg
2014-08-27,HOU,4,HOME,OAK,5,L,14791.0,reg
2014-08-28,HOU,4,HOME,TEX,2,W,16399.0,reg
2014-08-29,HOU,6,HOME,TEX,13,L,18931.0,reg
2014-08-30,HOU,2,HOME,TEX,0,W,24771.0,reg
2014-08-31,HOU,3,HOME,TEX,2,W,19024.0,reg
2014-09-02,HOU,8,HOME,LAA,3,W,16131.0,reg
2014-09-03,HOU,4,HOME,LAA,1,W,16949.0,reg
2014-09-05,HOU,4,AWAY,OAK,3,W,21130.0,reg
2014-09-06,HOU,3,AWAY,OAK,4,L,28668.0,reg
2014-09-07,HOU,4,AWAY,OAK,3,W,25533.0,reg
2014-09-08,HOU,1,AWAY,SEA,4,L,15617.0,reg
2014-09-09,HOU,2,AWAY,SEA,1,W,11345.0,reg
2014-09-10,HOU,5,AWAY,SEA,2,W,16931.0,reg
2014-09-12,HOU,3,AWAY,LAA,11,L,33339.0,reg
2014-09-13,HOU,2,AWAY,LAA,5,L,38041.0,reg
2014-09-14,HOU,6,AWAY,LAA,1,W,35364.0,reg
2014-09-15,HOU,3,HOME,CLE,1,W,17403.0,reg
2014-09-16,HOU,2,HOME,CLE,4,L,18381.0,reg
2014-09-17,HOU,0,HOME,CLE,2,L,18474.0,reg
2014-09-18,HOU,1,HOME,CLE,2,L,16417.0,reg
2014-09-19,HOU,5,HOME,SEA,10,L,27568.0,reg
2014-09-20,HOU,10,HOME,SEA,1,W,36525.0,reg
2014-09-21,HOU,8,HOME,SEA,3,W,31466.0,reg
2014-09-22,HOU,3,AWAY,TEX,4,L,28717.0,reg
2014-09-23,HOU,1,AWAY,TEX,2,L,29794.0,reg
2014-09-24,HOU,1,AWAY,TEX,5,L,28003.0,reg
2014-09-26,HOU,3,AWAY,NYM,1,W,27729.0,reg
2014-09-27,HOU,1,AWAY,NYM,2,L,34886.0,reg
2014-09-28,HOU,3,AWAY,NYM,8,L,34897.0,reg
2015-04-06,HOU,2,HOME,CLE,0,W,43753.0,reg
2015-04-08,HOU,0,HOME,CLE,2,L,23078.0,reg
2015-04-09,HOU,1,HOME,CLE,5,L,22593.0,reg
2015-04-10,HOU,5,AWAY,TEX,1,W,48885.0,reg
2015-04-11,HOU,2,AWAY,TEX,6,L,36833.0,reg
2015-04-12,HOU,6,AWAY,TEX,4,W,35276.0,reg
2015-04-13,HOU,1,HOME,OAK,8,L,19279.0,reg
2015-04-14,HOU,0,HOME,OAK,4,L,18935.0,reg
2015-04-15,HOU,6,HOME,OAK,1,W,19777.0,reg
2015-04-17,HOU,3,HOME,LAA,6,L,22660.0,reg
2015-04-18,HOU,4,HOME,LAA,0,W,28209.0,reg
2015-04-19,HOU,4,HOME,LAA,3,W,24254.0,reg
2015-04-20,HOU,7,AWAY,SEA,5,W,15129.0,reg
2015-04-21,HOU,6,AWAY,SEA,3,W,13949.0,reg
2015-04-22,HOU,2,AWAY,SEA,3,L,14756.0,reg
2015-04-24,HOU,5,AWAY,OAK,4,W,18205.0,reg
2015-04-25,HOU,9,AWAY,OAK,3,W,24342.0,reg
2015-04-26,HOU,7,AWAY,OAK,6,W,22080.0,reg
2015-04-27,HOU,9,AWAY,SDP,4,W,19532.0,reg
2015-04-28,HOU,14,AWAY,SDP,3,W,22796.0,reg
2015-04-29,HOU,7,AWAY,SDP,2,W,21824.0,reg
2015-04-30,HOU,3,HOME,SEA,2,W,19108.0,reg
2015-05-01,HOU,4,HOME,SEA,3,W,21834.0,reg
2015-05-02,HOU,11,HOME,SEA,4,W,24435.0,reg
2015-05-03,HOU,7,HOME,SEA,6,W,25283.0,reg
2015-05-04,HOU,1,HOME,TEX,2,L,17597.0,reg
2015-05-05,HOU,1,HOME,TEX,7,L,20951.0,reg
2015-05-06,HOU,3,HOME,TEX,11,L,22230.0,reg
2015-05-07,HOU,3,AWAY,LAA,2,W,25097.0,reg
2015-05-08,HOU,0,AWAY,LAA,2,L,40006.0,reg
2015-05-09,HOU,6,AWAY,LAA,5,W,40210.0,reg
2015-05-10,HOU,1,AWAY,LAA,3,L,30929.0,reg
2015-05-12,HOU,1,HOME,SFG,8,L,20468.0,reg
2015-05-13,HOU,4,HOME,SFG,3,W,20725.0,reg
2015-05-14,HOU,6,HOME,TOR,4,W,15777.0,reg
2015-05-15,HOU,8,HOME,TOR,4,W,21653.0,reg
2015-05-16,HOU,6,HOME,TOR,5,W,27102.0,reg
2015-05-17,HOU,4,HOME,TOR,2,W,25307.0,reg
2015-05-18,HOU,1,HOME,OAK,2,L,21724.0,reg
2015-05-19,HOU,6,HOME,OAK,4,W,17575.0,reg
2015-05-20,HOU,6,HOME,OAK,1,W,21066.0,reg
2015-05-21,HOU,5,AWAY,DET,6,L,33193.0,reg
2015-05-22,HOU,2,AWAY,DET,6,L,37276.0,reg
2015-05-23,HOU,3,AWAY,DET,2,W,40153.0,reg
2015-05-24,HOU,10,AWAY,DET,8,W,36449.0,reg
2015-05-25,HOU,3,AWAY,BAL,4,L,28909.0,reg
2015-05-26,HOU,4,AWAY,BAL,1,W,21541.0,reg
2015-05-27,HOU,4,AWAY,BAL,5,L,16401.0,reg
2015-05-29,HOU,3,HOME,CHW,6,L,25957.0,reg
2015-05-30,HOU,3,HOME,CHW,0,W,29720.0,reg
2015-05-31,HOU,0,HOME,CHW,6,L,27423.0,reg
2015-06-01,HOU,5,HOME,BAL,2,W,17259.0,reg
2015-06-02,HOU,6,HOME,BAL,4,W,18730.0,reg
2015-06-03,HOU,3,HOME,BAL,1,W,20305.0,reg
2015-06-04,HOU,2,HOME,BAL,3,L,20219.0,reg
2015-06-05,HOU,2,AWAY,TOR,6,L,22971.0,reg
2015-06-06,HOU,2,AWAY,TOR,7,L,31809.0,reg
2015-06-07,HOU,6,AWAY,TOR,7,L,35571.0,reg
2015-06-08,HOU,1,AWAY,CHW,3,L,17352.0,reg
2015-06-09,HOU,2,AWAY,CHW,4,L,18439.0,reg
2015-06-10,HOU,1,AWAY,CHW,4,L,17455.0,reg
2015-06-12,HOU,10,HOME,SEA,0,W,32173.0,reg
2015-06-13,HOU,1,HOME,SEA,8,L,36762.0,reg
2015-06-14,HOU,13,HOME,SEA,0,W,29153.0,reg
2015-06-15,HOU,6,HOME,COL,3,W,21820.0,reg
2015-06-16,HOU,8,HOME,COL,5,W,22245.0,reg
2015-06-17,HOU,8,AWAY,COL,4,W,33041.0,reg
2015-06-18,HOU,8,AWAY,COL,4,W,30770.0,reg
2015-06-19,HOU,2,AWAY,SEA,5,L,40914.0,reg
2015-06-20,HOU,3,AWAY,SEA,6,L,26770.0,reg
2015-06-21,HOU,6,AWAY,SEA,2,W,40905.0,reg
2015-06-22,HOU,3,AWAY,LAA,4,L,34153.0,reg
2015-06-23,HOU,13,AWAY,LAA,3,W,41208.0,reg
2015-06-24,HOU,1,AWAY,LAA,2,L,33543.0,reg
2015-06-25,HOU,4,HOME,NYY,0,W,28643.0,reg
2015-06-26,HOU,2,HOME,NYY,3,L,37748.0,reg
2015-06-27,HOU,6,HOME,NYY,9,L,41133.0,reg
2015-06-28,HOU,3,HOME,NYY,1,W,31961.0,reg
2015-06-29,HOU,6,HOME,KCR,1,W,20419.0,reg
2015-06-30,HOU,4,HOME,KCR,0,W,24642.0,reg
2015-07-01,HOU,6,HOME,KCR,5,W,25848.0,reg
2015-07-03,HOU,12,AWAY,BOS,8,W,37837.0,reg
2015-07-04,HOU,1,AWAY,BOS,6,L,36703.0,reg
2015-07-05,HOU,4,AWAY,BOS,5,L,36481.0,reg
2015-07-06,HOU,9,AWAY,CLE,4,W,13516.0,reg
2015-07-07,HOU,0,AWAY,CLE,2,L,10821.0,reg
2015-07-08,HOU,2,AWAY,CLE,4,L,15255.0,reg
2015-07-09,HOU,1,AWAY,CLE,3,L,11496.0,reg
2015-07-10,HOU,1,AWAY,TBR,3,L,17129.0,reg
2015-07-11,HOU,0,AWAY,TBR,3,L,18479.0,reg
2015-07-12,HOU,3,AWAY,TBR,4,L,16458.0,reg
2015-07-17,HOU,3,HOME,TEX,2,W,36904.0,reg
2015-07-18,HOU,6,HOME,TEX,7,L,41941.0,reg
2015-07-19,HOU,10,HOME,TEX,0,W,36532.0,reg
2015-07-21,HOU,8,HOME,BOS,3,W,26913.0,reg
2015-07-22,HOU,4,HOME,BOS,2,W,31104.0,reg
2015-07-23,HOU,5,HOME,BOS,4,W,30748.0,reg
2015-07-24,HOU,4,AWAY,KCR,0,W,36965.0,reg
2015-07-25,HOU,1,AWAY,KCR,2,L,38393.0,reg
2015-07-26,HOU,1,AWAY,KCR,5,L,33638.0,reg
2015-07-28,HOU,10,HOME,LAA,5,W,24031.0,reg
2015-07-29,HOU,6,HOME,LAA,3,W,31272.0,reg
2015-07-30,HOU,3,HOME,LAA,0,W,27598.0,reg
2015-07-31,HOU,4,HOME,ARI,6,L,34720.0,reg
2015-08-01,HOU,9,HOME,ARI,2,W,36602.0,reg
2015-08-02,HOU,4,HOME,ARI,1,W,33871.0,reg
2015-08-03,HOU,9,AWAY,TEX,12,L,21671.0,reg
2015-08-04,HOU,3,AWAY,TEX,4,L,29953.0,reg
2015-08-05,HOU,3,AWAY,TEX,4,L,31782.0,reg
2015-08-06,HOU,5,AWAY,OAK,4,W,16172.0,reg
2015-08-07,HOU,1,AWAY,OAK,3,L,18908.0,reg
2015-08-08,HOU,1,AWAY,OAK,2,L,25091.0,reg
2015-08-09,HOU,4,AWAY,OAK,5,L,20278.0,reg
2015-08-11,HOU,1,AWAY,SFG,3,L,42569.0,reg
2015-08-12,HOU,2,AWAY,SFG,0,W,41967.0,reg
2015-08-14,HOU,5,HOME,DET,1,W,33212.0,reg
2015-08-15,HOU,2,HOME,DET,4,L,29482.0,reg
2015-08-16,HOU,6,HOME,DET,5,W,29969.0,reg
2015-08-17,HOU,2,HOME,TBR,9,L,16256.0,reg
2015-08-18,HOU,3,HOME,TBR,2,W,17749.0,reg
2015-08-19,HOU,3,HOME,TBR,2,W,26001.0,reg
2015-08-20,HOU,0,HOME,TBR,1,L,18177.0,reg
2015-08-21,HOU,3,HOME,LAD,0,W,33833.0,reg
2015-08-22,HOU,3,HOME,LAD,1,W,39999.0,reg
2015-08-23,HOU,3,HOME,LAD,2,W,28665.0,reg
2015-08-24,HOU,0,AWAY,NYY,1,L,37125.0,reg
2015-08-25,HOU,15,AWAY,NYY,1,W,38015.0,reg
2015-08-26,HOU,6,AWAY,NYY,2,W,37259.0,reg
2015-08-28,HOU,0,AWAY,MIN,3,L,28636.0,reg
2015-08-29,HOU,4,AWAY,MIN,1,W,38876.0,reg
2015-08-30,HOU,5,AWAY,MIN,7,L,28877.0,reg
2015-08-31,HOU,8,HOME,SEA,3,W,19923.0,reg
2015-09-01,HOU,5,HOME,SEA,7,L,18157.0,reg
2015-09-02,HOU,3,HOME,SEA,8,L,18669.0,reg
2015-09-04,HOU,8,HOME,MIN,0,W,27807.0,reg
2015-09-05,HOU,2,HOME,MIN,3,L,27643.0,reg
2015-09-06,HOU,8,HOME,MIN,5,W,37648.0,reg
2015-09-07,HOU,9,AWAY,OAK,10,L,22214.0,reg
2015-09-08,HOU,0,AWAY,OAK,4,L,11364.0,reg
2015-09-09,HOU,11,AWAY,OAK,5,W,13387.0,reg
2015-09-11,HOU,2,AWAY,LAA,3,L,39636.0,reg
2015-09-12,HOU,2,AWAY,LAA,3,L,41130.0,reg
2015-09-13,HOU,5,AWAY,LAA,3,W,41550.0,reg
2015-09-14,HOU,3,AWAY,TEX,5,L,27772.0,reg
2015-09-15,HOU,5,AWAY,TEX,6,L,26942.0,reg
2015-09-16,HOU,3,AWAY,TEX,14,L,34483.0,reg
2015-09-17,HOU,2,AWAY,TEX,8,L,31122.0,reg
2015-09-18,HOU,3,HOME,OAK,4,L,27567.0,reg
2015-09-19,HOU,10,HOME,OAK,6,W,27044.0,reg
2015-09-20,HOU,5,HOME,OAK,1,W,22453.0,reg
2015-09-21,HOU,6,HOME,LAA,3,W,25318.0,reg
2015-09-22,HOU,3,HOME,LAA,4,L,25671.0,reg
2015-09-23,HOU,5,HOME,LAA,6,L,25573.0,reg
2015-09-25,HOU,2,HOME,TEX,6,L,35180.0,reg
2015-09-26,HOU,9,HOME,TEX,7,W,35736.0,reg
2015-09-27,HOU,4,HOME,TEX,2,W,36084.0,reg
2015-09-28,HOU,3,AWAY,SEA,2,W,13935.0,reg
2015-09-29,HOU,4,AWAY,SEA,6,L,15331.0,reg
2015-09-30,HOU,7,AWAY,SEA,6,W,14257.0,reg
2015-10-02,HOU,21,AWAY,ARI,5,W,33218.0,reg
2015-10-03,HOU,6,AWAY,ARI,2,W,37687.0,reg
2015-10-04,HOU,3,AWAY,ARI,5,L,24788.0,reg
2016-04-05,HOU,5,AWAY,NYY,3,W,47820.0,reg
2016-04-06,HOU,6,AWAY,NYY,16,L,37493.0,reg
2016-04-07,HOU,5,AWAY,NYY,8,L,30003.0,reg
2016-04-08,HOU,4,AWAY,MIL,6,L,30100.0,reg
2016-04-09,HOU,6,AWAY,MIL,4,W,28127.0,reg
2016-04-10,HOU,2,AWAY,MIL,3,L,28441.0,reg
2016-04-11,HOU,8,HOME,KCR,2,W,43332.0,reg
2016-04-12,HOU,2,HOME,KCR,3,L,21027.0,reg
2016-04-13,HOU,2,HOME,KCR,4,L,24109.0,reg
2016-04-14,HOU,2,HOME,KCR,6,L,21203.0,reg
2016-04-15,HOU,1,HOME,DET,0,W,30092.0,reg
2016-04-16,HOU,3,HOME,DET,5,L,30013.0,reg
2016-04-17,HOU,5,HOME,DET,4,W,30657.0,reg
2016-04-19,HOU,5,AWAY,TEX,7,L,24181.0,reg
2016-04-20,HOU,1,AWAY,TEX,2,L,25821.0,reg
2016-04-21,HOU,4,AWAY,TEX,7,L,25886.0,reg
2016-04-22,HOU,2,HOME,BOS,6,L,26672.0,reg
2016-04-23,HOU,8,HOME,BOS,3,W,40232.0,reg
2016-04-24,HOU,5,HOME,BOS,7,L,32416.0,reg
2016-04-25,HOU,2,AWAY,SEA,3,L,14832.0,reg
2016-04-26,HOU,1,AWAY,SEA,11,L,13821.0,reg
2016-04-27,HOU,7,AWAY,SEA,4,W,14173.0,reg
2016-04-29,HOU,4,AWAY,OAK,7,L,20159.0,reg
2016-04-30,HOU,0,AWAY,OAK,2,L,23084.0,reg
2016-05-01,HOU,2,AWAY,OAK,1,W,24135.0,reg
2016-05-02,HOU,2,HOME,MIN,6,L,18243.0,reg
2016-05-03,HOU,6,HOME,MIN,4,W,21153.0,reg
2016-05-04,HOU,16,HOME,MIN,4,W,20847.0,reg
2016-05-05,HOU,3,HOME,SEA,6,L,20151.0,reg
2016-05-06,HOU,6,HOME,SEA,3,W,25413.0,reg
2016-05-07,HOU,2,HOME,SEA,3,L,31559.0,reg
2016-05-08,HOU,5,HOME,SEA,1,W,28148.0,reg
2016-05-09,HOU,7,HOME,CLE,1,W,20222.0,reg
2016-05-10,HOU,0,HOME,CLE,4,L,23976.0,reg
2016-05-11,HOU,5,HOME,CLE,3,W,24453.0,reg
2016-05-12,HOU,1,AWAY,BOS,11,L,34982.0,reg
2016-05-13,HOU,7,AWAY,BOS,6,W,33148.0,reg
2016-05-14,HOU,5,AWAY,BOS,6,L,37430.0,reg
2016-05-15,HOU,9,AWAY,BOS,10,L,35736.0,reg
2016-05-17,HOU,6,AWAY,CHW,5,W,13481.0,reg
2016-05-18,HOU,5,AWAY,CHW,3,W,14936.0,reg
2016-05-19,HOU,1,AWAY,CHW,2,L,20096.0,reg
2016-05-20,HOU,1,HOME,TEX,2,L,28724.0,reg
2016-05-21,HOU,1,HOME,TEX,2,L,35040.0,reg
2016-05-22,HOU,2,HOME,TEX,9,L,35035.0,reg
2016-05-24,HOU,3,HOME,BAL,2,W,24783.0,reg
2016-05-25,HOU,4,HOME,BAL,3,W,25618.0,reg
2016-05-26,HOU,4,HOME,BAL,2,W,23826.0,reg
2016-05-27,HOU,2,AWAY,LAA,7,L,39047.0,reg
2016-05-28,HOU,4,AWAY,LAA,2,W,38176.0,reg
2016-05-29,HOU,8,AWAY,LAA,6,W,36538.0,reg
2016-05-30,HOU,8,AWAY,ARI,3,W,24798.0,reg
2016-05-31,HOU,8,AWAY,ARI,5,W,15556.0,reg
2016-06-01,HOU,5,HOME,ARI,4,W,22642.0,reg
2016-06-02,HOU,0,HOME,ARI,3,L,21764.0,reg
2016-06-03,HOU,12,HOME,OAK,2,W,26458.0,reg
2016-06-04,HOU,6,HOME,OAK,5,W,37223.0,reg
2016-06-05,HOU,5,HOME,OAK,2,W,30817.0,reg
2016-06-06,HOU,5,AWAY,TEX,6,L,30021.0,reg
2016-06-07,HOU,3,AWAY,TEX,4,L,32189.0,reg
2016-06-08,HOU,3,AWAY,TEX,1,W,37696.0,reg
2016-06-09,HOU,3,AWAY,TEX,5,L,30145.0,reg
2016-06-10,HOU,3,AWAY,TBR,4,L,13075.0,reg
2016-06-11,HOU,4,AWAY,TBR,3,W,19658.0,reg
2016-06-12,HOU,0,AWAY,TBR,5,L,11168.0,reg
2016-06-14,HOU,5,AWAY,STL,2,W,42525.0,reg
2016-06-15,HOU,4,AWAY,STL,1,W,42008.0,reg
2016-06-17,HOU,2,HOME,CIN,4,L,37560.0,reg
2016-06-18,HOU,5,HOME,CIN,4,W,39111.0,reg
2016-06-19,HOU,6,HOME,CIN,0,W,36369.0,reg
2016-06-20,HOU,10,HOME,LAA,7,W,22553.0,reg
2016-06-21,HOU,3,HOME,LAA,2,W,25004.0,reg
2016-06-22,HOU,3,HOME,LAA,2,W,29649.0,reg
2016-06-24,HOU,13,AWAY,KCR,4,W,36195.0,reg
2016-06-25,HOU,13,AWAY,KCR,5,W,38880.0,reg
2016-06-26,HOU,1,AWAY,KCR,6,L,36450.0,reg
2016-06-27,HOU,4,AWAY,LAA,2,W,36839.0,reg
2016-06-28,HOU,7,AWAY,LAA,1,W,38781.0,reg
2016-06-29,HOU,10,AWAY,LAA,4,W,36683.0,reg
2016-07-01,HOU,5,HOME,CHW,0,W,31965.0,reg
2016-07-02,HOU,6,HOME,CHW,7,L,35116.0,reg
2016-07-03,HOU,1,HOME,CHW,4,L,30379.0,reg
2016-07-04,HOU,2,HOME,SEA,1,W,29844.0,reg
2016-07-05,HOU,5,HOME,SEA,2,W,21553.0,reg
2016-07-06,HOU,9,HOME,SEA,8,W,25709.0,reg
2016-07-07,HOU,1,HOME,OAK,3,L,20933.0,reg
2016-07-08,HOU,10,HOME,OAK,9,W,31438.0,reg
2016-07-09,HOU,2,HOME,OAK,3,L,35312.0,reg
2016-07-10,HOU,2,HOME,OAK,1,W,28119.0,reg
2016-07-15,HOU,7,AWAY,SEA,3,W,29217.0,reg
2016-07-16,HOU,0,AWAY,SEA,1,L,41386.0,reg
2016-07-17,HOU,8,AWAY,SEA,1,W,27322.0,reg
2016-07-18,HOU,4,AWAY,OAK,7,L,10651.0,reg
2016-07-19,HOU,3,AWAY,OAK,4,L,15143.0,reg
2016-07-20,HOU,7,AWAY,OAK,0,W,20231.0,reg
2016-07-22,HOU,2,HOME,LAA,1,W,36453.0,reg
2016-07-23,HOU,7,HOME,LAA,2,W,35119.0,reg
2016-07-24,HOU,13,HOME,LAA,3,W,32721.0,reg
2016-07-25,HOU,1,HOME,NYY,2,L,30628.0,reg
2016-07-26,HOU,3,HOME,NYY,6,L,28134.0,reg
2016-07-27,HOU,4,HOME,NYY,1,W,35186.0,reg
2016-07-29,HOU,6,AWAY,DET,14,L,31771.0,reg
2016-07-30,HOU,2,AWAY,DET,3,L,34673.0,reg
2016-07-31,HOU,0,AWAY,DET,11,L,31043.0,reg
2016-08-01,HOU,2,HOME,TOR,1,W,20623.0,reg
2016-08-02,HOU,1,HOME,TOR,2,L,24399.0,reg
2016-08-03,HOU,1,HOME,TOR,3,L,29399.0,reg
2016-08-04,HOU,1,HOME,TOR,4,L,23190.0,reg
2016-08-05,HOU,5,HOME,TEX,0,W,32820.0,reg
2016-08-06,HOU,2,HOME,TEX,3,L,42272.0,reg
2016-08-07,HOU,3,HOME,TEX,5,L,33909.0,reg
2016-08-08,HOU,1,AWAY,MIN,3,L,20978.0,reg
2016-08-09,HOU,7,AWAY,MIN,5,W,22261.0,reg
2016-08-11,HOU,15,AWAY,MIN,7,W,25960.0,reg
2016-08-11,HOU,10,AWAY,MIN,2,W,24935.0,reg
2016-08-12,HOU,5,AWAY,TOR,3,W,46330.0,reg
2016-08-13,HOU,2,AWAY,TOR,4,L,47505.0,reg
2016-08-14,HOU,2,AWAY,TOR,9,L,47261.0,reg
2016-08-16,HOU,5,HOME,STL,8,L,30438.0,reg
2016-08-17,HOU,2,HOME,STL,8,L,27508.0,reg
2016-08-18,HOU,5,AWAY,BAL,13,L,20288.0,reg
2016-08-19,HOU,15,AWAY,BAL,8,W,34422.0,reg
2016-08-20,HOU,12,AWAY,BAL,2,W,39373.0,reg
2016-08-21,HOU,5,AWAY,BAL,3,W,29734.0,reg
2016-08-22,HOU,3,AWAY,PIT,1,W,24017.0,reg
2016-08-23,HOU,1,AWAY,PIT,7,L,28760.0,reg
2016-08-24,HOU,5,AWAY,PIT,4,W,23717.0,reg
2016-08-26,HOU,5,HOME,TBR,4,W,25852.0,reg
2016-08-27,HOU,6,HOME,TBR,2,W,36544.0,reg
2016-08-28,HOU,4,HOME,TBR,10,L,37484.0,reg
2016-08-29,HOU,6,HOME,OAK,0,W,18613.0,reg
2016-08-30,HOU,3,HOME,OAK,1,W,23114.0,reg
2016-08-31,HOU,4,HOME,OAK,3,W,20033.0,reg
2016-09-02,HOU,8,AWAY,TEX,10,L,35102.0,reg
2016-09-03,HOU,4,AWAY,TEX,12,L,35538.0,reg
2016-09-04,HOU,7,AWAY,TEX,6,W,46025.0,reg
2016-09-05,HOU,6,AWAY,CLE,2,W,13062.0,reg
2016-09-06,HOU,4,AWAY,CLE,3,W,11023.0,reg
2016-09-07,HOU,5,AWAY,CLE,6,L,12063.0,reg
2016-09-08,HOU,7,AWAY,CLE,10,L,15275.0,reg
2016-09-09,HOU,0,HOME,CHC,2,L,33841.0,reg
2016-09-10,HOU,2,HOME,CHC,1,W,41854.0,reg
2016-09-11,HOU,5,HOME,CHC,9,L,31939.0,reg
2016-09-12,HOU,3,HOME,TEX,4,L,22147.0,reg
2016-09-13,HOU,2,HOME,TEX,3,L,22133.0,reg
2016-09-14,HOU,8,HOME,TEX,4,W,25041.0,reg
2016-09-16,HOU,6,AWAY,SEA,0,W,30178.0,reg
2016-09-17,HOU,2,AWAY,SEA,1,W,32304.0,reg
2016-09-18,HOU,3,AWAY,SEA,7,L,25383.0,reg
2016-09-19,HOU,4,AWAY,OAK,2,W,10072.0,reg
2016-09-20,HOU,2,AWAY,OAK,1,W,12139.0,reg
2016-09-21,HOU,6,AWAY,OAK,5,W,11197.0,reg
2016-09-22,HOU,0,HOME,LAA,2,L,20022.0,reg
2016-09-23,HOU,6,HOME,LAA,10,L,29429.0,reg
2016-09-24,HOU,4,HOME,LAA,10,L,27565.0,reg
2016-09-25,HOU,4,HOME,LAA,1,W,32958.0,reg
2016-09-26,HOU,3,HOME,SEA,4,L,24107.0,reg
2016-09-27,HOU,8,HOME,SEA,4,W,23499.0,reg
2016-09-28,HOU,4,HOME,SEA,12,L,21187.0,reg
2016-09-30,HOU,1,AWAY,LAA,7,L,30112.0,reg
2016-10-01,HOU,3,AWAY,LAA,0,W,32487.0,reg
2016-10-02,HOU,1,AWAY,LAA,8,L,28083.0,reg
2017-04-03,HOU,3,HOME,SEA,0,W,41678.0,reg
2017-04-04,HOU,2,HOME,SEA,1,W,21406.0,reg
2017-04-05,HOU,5,HOME,SEA,3,W,20303.0,reg
2017-04-06,HOU,2,HOME,SEA,4,L,18362.0,reg
2017-04-07,HOU,1,HOME,KCR,5,L,30491.0,reg
2017-04-08,HOU,3,HOME,KCR,7,L,35373.0,reg
2017-04-09,HOU,5,HOME,KCR,4,W,32411.0,reg
2017-04-10,HOU,0,AWAY,SEA,6,L,44856.0,reg
2017-04-11,HOU,7,AWAY,SEA,5,W,18527.0,reg
2017-04-12,HOU,10,AWAY,SEA,5,W,14479.0,reg
2017-04-14,HOU,7,AWAY,OAK,2,W,15385.0,reg
2017-04-15,HOU,10,AWAY,OAK,6,W,20140.0,reg
2017-04-17,HOU,3,HOME,LAA,0,W,23501.0,reg
2017-04-18,HOU,2,HOME,LAA,5,L,21760.0,reg
2017-04-19,HOU,5,HOME,LAA,1,W,24028.0,reg
2017-04-20,HOU,2,HOME,LAA,1,W,23173.0,reg
2017-04-21,HOU,6,AWAY,TBR,3,W,17683.0,reg
2017-04-22,HOU,3,AWAY,TBR,6,L,17008.0,reg
2017-04-23,HOU,6,AWAY,TBR,4,W,15548.0,reg
2017-04-25,HOU,4,AWAY,CLE,2,W,14581.0,reg
2017-04-26,HOU,6,AWAY,CLE,7,L,16052.0,reg
2017-04-27,HOU,3,AWAY,CLE,4,L,14452.0,reg
2017-04-28,HOU,9,HOME,OAK,4,W,28472.0,reg
2017-04-29,HOU,1,HOME,OAK,2,L,32147.0,reg
2017-04-30,HOU,7,HOME,OAK,2,W,34880.0,reg
2017-05-01,HOU,6,HOME,TEX,2,W,22556.0,reg
2017-05-02,HOU,8,HOME,TEX,7,W,26208.0,reg
2017-05-03,HOU,10,HOME,TEX,1,W,27439.0,reg
2017-05-04,HOU,4,HOME,TEX,10,L,27391.0,reg
2017-05-05,HOU,7,AWAY,LAA,6,W,34556.0,reg
2017-05-06,HOU,1,AWAY,LAA,2,L,41097.0,reg
2017-05-07,HOU,5,AWAY,LAA,3,W,38385.0,reg
2017-05-09,HOU,8,HOME,ATL,3,W,28724.0,reg
2017-05-10,HOU,4,HOME,ATL,2,W,23676.0,reg
2017-05-11,HOU,3,AWAY,NYY,2,W,39050.0,reg
2017-05-12,HOU,5,AWAY,NYY,1,W,41150.0,reg
2017-05-14,HOU,6,AWAY,NYY,11,L,47883.0,reg
2017-05-14,HOU,10,AWAY,NYY,7,W,47883.0,reg
2017-05-15,HOU,7,AWAY,MIA,2,W,16448.0,reg
2017-05-16,HOU,12,AWAY,MIA,2,W,18056.0,reg
2017-05-17,HOU,3,AWAY,MIA,0,W,24699.0,reg
2017-05-19,HOU,3,HOME,CLE,5,L,36446.0,reg
2017-05-20,HOU,0,HOME,CLE,3,L,34698.0,reg
2017-05-21,HOU,6,HOME,CLE,8,L,33476.0,reg
2017-05-22,HOU,1,HOME,DET,0,W,22146.0,reg
2017-05-23,HOU,6,HOME,DET,2,W,23179.0,reg
2017-05-24,HOU,3,HOME,DET,6,L,26481.0,reg
2017-05-25,HOU,7,HOME,DET,6,W,25046.0,reg
2017-05-26,HOU,2,HOME,BAL,0,W,31380.0,reg
2017-05-27,HOU,5,HOME,BAL,2,W,32761.0,reg
2017-05-28,HOU,8,HOME,BAL,4,W,34720.0,reg
2017-05-29,HOU,16,AWAY,MIN,8,W,24472.0,reg
2017-05-30,HOU,7,AWAY,MIN,2,W,22616.0,reg
2017-05-31,HOU,17,AWAY,MIN,6,W,25593.0,reg
2017-06-02,HOU,7,AWAY,TEX,1,W,39729.0,reg
2017-06-03,HOU,6,AWAY,TEX,5,W,44168.0,reg
2017-06-04,HOU,7,AWAY,TEX,2,W,39204.0,reg
2017-06-05,HOU,7,AWAY,KCR,3,W,21892.0,reg
2017-06-06,HOU,7,AWAY,KCR,9,L,20974.0,reg
2017-06-07,HOU,5,AWAY,KCR,7,L,25628.0,reg
2017-06-08,HOU,6,AWAY,KCR,1,W,32747.0,reg
2017-06-09,HOU,4,HOME,LAA,9,L,40786.0,reg
2017-06-10,HOU,3,HOME,LAA,1,W,41296.0,reg
2017-06-11,HOU,6,HOME,LAA,12,L,32425.0,reg
2017-06-12,HOU,1,HOME,TEX,6,L,25698.0,reg
2017-06-13,HOU,2,HOME,TEX,4,L,27615.0,reg
2017-06-14,HOU,13,HOME,TEX,2,W,37221.0,reg
2017-06-16,HOU,1,HOME,BOS,2,L,36189.0,reg
2017-06-17,HOU,7,HOME,BOS,1,W,41017.0,reg
2017-06-18,HOU,5,HOME,BOS,6,L,38389.0,reg
2017-06-19,HOU,4,AWAY,OAK,1,W,10482.0,reg
2017-06-20,HOU,8,AWAY,OAK,4,W,15362.0,reg
2017-06-21,HOU,5,AWAY,OAK,1,W,12277.0,reg
2017-06-22,HOU,12,AWAY,OAK,9,W,18747.0,reg
2017-06-23,HOU,3,AWAY,SEA,13,L,31783.0,reg
2017-06-24,HOU,5,AWAY,SEA,2,W,29820.0,reg
2017-06-25,HOU,8,AWAY,SEA,2,W,33010.0,reg
2017-06-27,HOU,4,HOME,OAK,6,L,28312.0,reg
2017-06-28,HOU,11,HOME,OAK,8,W,34075.0,reg
2017-06-29,HOU,6,HOME,OAK,1,W,29509.0,reg
2017-06-30,HOU,4,HOME,NYY,13,L,40024.0,reg
2017-07-01,HOU,7,HOME,NYY,6,W,41010.0,reg
2017-07-02,HOU,8,HOME,NYY,1,W,41761.0,reg
2017-07-04,HOU,16,AWAY,ATL,4,W,41456.0,reg
2017-07-05,HOU,10,AWAY,ATL,4,W,37278.0,reg
2017-07-06,HOU,4,AWAY,TOR,7,L,40949.0,reg
2017-07-07,HOU,12,AWAY,TOR,2,W,37332.0,reg
2017-07-08,HOU,2,AWAY,TOR,7,L,46659.0,reg
2017-07-09,HOU,19,AWAY,TOR,1,W,46622.0,reg
2017-07-14,HOU,10,HOME,MIN,5,W,38006.0,reg
2017-07-15,HOU,2,HOME,MIN,4,L,41038.0,reg
2017-07-16,HOU,5,HOME,MIN,3,W,38253.0,reg
2017-07-17,HOU,7,HOME,SEA,9,L,24701.0,reg
2017-07-18,HOU,6,HOME,SEA,2,W,27111.0,reg
2017-07-19,HOU,1,HOME,SEA,4,L,35191.0,reg
2017-07-21,HOU,8,AWAY,BAL,7,W,25784.0,reg
2017-07-22,HOU,8,AWAY,BAL,4,W,32524.0,reg
2017-07-23,HOU,7,AWAY,BAL,9,L,21533.0,reg
2017-07-24,HOU,13,AWAY,PHI,4,W,17567.0,reg
2017-07-25,HOU,5,AWAY,PHI,0,W,17176.0,reg
2017-07-26,HOU,0,AWAY,PHI,9,L,19718.0,reg
2017-07-28,HOU,6,AWAY,DET,5,W,30358.0,reg
2017-07-29,HOU,3,AWAY,DET,5,L,33766.0,reg
2017-07-30,HOU,1,AWAY,DET,13,L,31970.0,reg
2017-07-31,HOU,14,HOME,TBR,7,W,24154.0,reg
2017-08-01,HOU,4,HOME,TBR,6,L,22985.0,reg
2017-08-02,HOU,0,HOME,TBR,3,L,26722.0,reg
2017-08-03,HOU,3,HOME,TBR,5,L,23404.0,reg
2017-08-04,HOU,16,HOME,TOR,7,W,39287.0,reg
2017-08-05,HOU,3,HOME,TOR,4,L,41950.0,reg
2017-08-06,HOU,7,HOME,TOR,6,W,36300.0,reg
2017-08-08,HOU,5,AWAY,CHW,8,L,13974.0,reg
2017-08-09,HOU,1,AWAY,CHW,7,L,14824.0,reg
2017-08-10,HOU,2,AWAY,CHW,3,L,18034.0,reg
2017-08-11,HOU,4,AWAY,TEX,6,L,33897.0,reg
2017-08-12,HOU,3,AWAY,TEX,8,L,47306.0,reg
2017-08-13,HOU,2,AWAY,TEX,1,W,31517.0,reg
2017-08-14,HOU,0,AWAY,ARI,2,L,20405.0,reg
2017-08-15,HOU,9,AWAY,ARI,4,W,16935.0,reg
2017-08-16,HOU,9,HOME,ARI,5,W,27278.0,reg
2017-08-17,HOU,0,HOME,ARI,4,L,27949.0,reg
2017-08-18,HOU,3,HOME,OAK,1,W,30908.0,reg
2017-08-19,HOU,3,HOME,OAK,0,W,32796.0,reg
2017-08-20,HOU,2,HOME,OAK,3,L,34011.0,reg
2017-08-22,HOU,3,HOME,WSN,4,L,23798.0,reg
2017-08-23,HOU,6,HOME,WSN,1,W,23434.0,reg
2017-08-24,HOU,4,HOME,WSN,5,L,24761.0,reg
2017-08-25,HOU,2,AWAY,LAA,1,W,42333.0,reg
2017-08-26,HOU,6,AWAY,LAA,7,L,41101.0,reg
2017-08-27,HOU,7,AWAY,LAA,5,W,37606.0,reg
2017-08-29,HOU,2,HOME,TEX,12,L,3485.0,reg
2017-08-30,HOU,1,HOME,TEX,8,L,6123.0,reg
2017-08-31,HOU,5,HOME,TEX,1,W,3385.0,reg
2017-09-02,HOU,12,HOME,NYM,8,W,30319.0,reg
2017-09-02,HOU,4,HOME,NYM,1,W,34904.0,reg
2017-09-03,HOU,8,HOME,NYM,6,W,32065.0,reg
2017-09-04,HOU,6,AWAY,SEA,2,W,20108.0,reg
2017-09-05,HOU,3,AWAY,SEA,1,W,14568.0,reg
2017-09-06,HOU,5,AWAY,SEA,3,W,15104.0,reg
2017-09-08,HOU,8,AWAY,OAK,9,L,12288.0,reg
2017-09-09,HOU,1,AWAY,OAK,11,L,,reg
2017-09-09,HOU,4,AWAY,OAK,11,L,19244.0,reg
2017-09-10,HOU,2,AWAY,OAK,10,L,15892.0,reg
2017-09-12,HOU,1,AWAY,LAA,0,W,36088.0,reg
2017-09-13,HOU,1,AWAY,LAA,9,L,33899.0,reg
2017-09-14,HOU,5,AWAY,LAA,2,W,35715.0,reg
2017-09-15,HOU,5,HOME,SEA,2,W,28328.0,reg
2017-09-16,HOU,8,HOME,SEA,6,W,33650.0,reg
2017-09-17,HOU,7,HOME,SEA,1,W,30247.0,reg
2017-09-19,HOU,3,HOME,CHW,1,W,23293.0,reg
2017-09-20,HOU,4,HOME,CHW,3,W,24995.0,reg
2017-09-21,HOU,1,HOME,CHW,3,L,24283.0,reg
2017-09-22,HOU,3,HOME,LAA,0,W,34127.0,reg
2017-09-23,HOU,6,HOME,LAA,2,W,34035.0,reg
2017-09-24,HOU,5,HOME,LAA,7,L,36756.0,reg
2017-09-25,HOU,11,AWAY,TEX,2,W,30390.0,reg
2017-09-26,HOU,14,AWAY,TEX,3,W,28976.0,reg
2017-09-27,HOU,12,AWAY,TEX,2,W,26053.0,reg
2017-09-28,HOU,12,AWAY,BOS,2,W,34222.0,reg
2017-09-29,HOU,3,AWAY,BOS,2,W,36623.0,reg
2017-09-30,HOU,3,AWAY,BOS,6,L,35722.0,reg
2017-10-01,HOU,4,AWAY,BOS,3,W,34517.0,reg
