date,team,team_score,home_away,opposing,opp_score,win_lost,attendance
2008-03-31,HOU,0,AWAY,SDP,4,L,"44,965"
2008-04-01,HOU,1,AWAY,SDP,2,L,"20,825"
2008-04-02,HOU,9,AWAY,SDP,6,W,"18,714"
2008-04-03,HOU,2,AWAY,SDP,3,L,"24,432"
2008-04-04,HOU,4,AWAY,CHC,3,W,"37,812"
2008-04-05,HOU,7,AWAY,CHC,9,L,"40,707"
2008-04-06,HOU,2,AWAY,CHC,3,L,"40,929"
2008-04-07,HOU,5,HOME,STL,3,W,"43,483"
2008-04-08,HOU,3,HOME,STL,5,L,"30,184"
2008-04-09,HOU,4,HOME,STL,6,L,"29,187"
2008-04-11,HOU,6,HOME,FLA,10,L,"34,191"
2008-04-12,HOU,5,HOME,FLA,0,W,"34,336"
2008-04-13,HOU,5,HOME,FLA,1,W,"29,766"
2008-04-15,HOU,3,AWAY,PHI,4,L,"34,609"
2008-04-16,HOU,2,AWAY,PHI,1,W,"31,644"
2008-04-17,HOU,2,AWAY,PHI,10,L,"33,526"
2008-04-18,HOU,5,HOME,COL,11,L,"34,272"
2008-04-19,HOU,2,HOME,COL,3,L,"34,540"
2008-04-20,HOU,6,HOME,COL,4,W,"35,286"
2008-04-21,HOU,10,HOME,SDP,3,W,"28,600"
2008-04-22,HOU,11,HOME,SDP,7,W,"33,434"
2008-04-23,HOU,9,AWAY,CIN,3,W,"16,017"
2008-04-24,HOU,5,AWAY,CIN,3,W,"17,403"
2008-04-25,HOU,3,AWAY,STL,2,W,"41,193"
2008-04-26,HOU,3,AWAY,STL,4,L,"43,040"
2008-04-27,HOU,1,AWAY,STL,5,L,"44,222"
2008-04-28,HOU,3,AWAY,ARI,5,L,"19,868"
2008-04-29,HOU,6,AWAY,ARI,4,W,"20,241"
2008-04-30,HOU,7,AWAY,ARI,8,L,"21,519"
2008-05-02,HOU,7,HOME,MIL,4,W,"39,715"
2008-05-03,HOU,6,HOME,MIL,2,W,"35,002"
2008-05-04,HOU,8,HOME,MIL,6,W,"38,301"
2008-05-06,HOU,6,HOME,WSN,5,W,"30,335"
2008-05-07,HOU,4,HOME,WSN,3,W,"30,432"
2008-05-08,HOU,3,HOME,WSN,8,L,"33,433"
2008-05-09,HOU,7,AWAY,LAD,1,W,"52,658"
2008-05-10,HOU,5,AWAY,LAD,0,W,"45,212"
2008-05-11,HOU,8,AWAY,LAD,5,W,"40,217"
2008-05-12,HOU,7,AWAY,SFG,3,W,"30,165"
2008-05-13,HOU,2,AWAY,SFG,4,L,"30,858"
2008-05-14,HOU,6,AWAY,SFG,3,W,"33,070"
2008-05-15,HOU,8,AWAY,SFG,7,W,"33,771"
2008-05-16,HOU,8,AWAY,TEX,16,L,"32,117"
2008-05-17,HOU,2,AWAY,TEX,6,L,"38,534"
2008-05-18,HOU,5,AWAY,TEX,4,W,"33,561"
2008-05-19,HOU,2,HOME,CHC,7,L,"32,458"
2008-05-20,HOU,4,HOME,CHC,2,W,"33,339"
2008-05-21,HOU,5,HOME,CHC,3,W,"33,251"
2008-05-22,HOU,5,HOME,PHI,7,L,"29,263"
2008-05-23,HOU,4,HOME,PHI,3,W,"41,152"
2008-05-24,HOU,4,HOME,PHI,3,W,"42,660"
2008-05-25,HOU,6,HOME,PHI,15,L,"43,079"
2008-05-27,HOU,8,AWAY,STL,2,W,"41,104"
2008-05-28,HOU,1,AWAY,STL,6,L,"41,115"
2008-05-29,HOU,2,AWAY,STL,3,L,"41,786"
2008-05-30,HOU,1,AWAY,MIL,5,L,"32,039"
2008-05-31,HOU,1,AWAY,MIL,4,L,"42,913"
2008-06-01,HOU,1,AWAY,MIL,10,L,"44,613"
2008-06-03,HOU,2,AWAY,PIT,0,W,"13,183"
2008-06-04,HOU,2,AWAY,PIT,5,L,"9,392"
2008-06-05,HOU,3,AWAY,PIT,4,L,"10,728"
2008-06-06,HOU,6,HOME,STL,1,W,"38,596"
2008-06-07,HOU,4,HOME,STL,8,L,"39,811"
2008-06-08,HOU,4,HOME,STL,5,L,"39,923"
2008-06-10,HOU,6,HOME,MIL,1,W,"35,058"
2008-06-11,HOU,6,HOME,MIL,10,L,"33,806"
2008-06-12,HOU,6,HOME,MIL,9,L,"35,709"
2008-06-13,HOU,1,HOME,NYY,2,L,"43,095"
2008-06-14,HOU,4,HOME,NYY,8,L,"43,409"
2008-06-15,HOU,0,HOME,NYY,13,L,"43,165"
2008-06-17,HOU,5,AWAY,BAL,6,L,"21,535"
2008-06-18,HOU,1,AWAY,BAL,2,L,"21,112"
2008-06-19,HOU,5,AWAY,BAL,7,L,"31,480"
2008-06-20,HOU,4,AWAY,TBR,3,W,"14,741"
2008-06-21,HOU,3,AWAY,TBR,4,L,"29,953"
2008-06-22,HOU,3,AWAY,TBR,2,W,"19,778"
2008-06-24,HOU,4,HOME,TEX,3,W,"40,052"
2008-06-25,HOU,2,HOME,TEX,3,L,"32,567"
2008-06-26,HOU,7,HOME,TEX,2,W,"36,506"
2008-06-27,HOU,1,HOME,BOS,6,L,"42,327"
2008-06-28,HOU,11,HOME,BOS,10,W,"43,073"
2008-06-29,HOU,3,HOME,BOS,2,W,"42,066"
2008-06-30,HOU,4,HOME,LAD,1,W,"28,827"
2008-07-01,HOU,6,HOME,LAD,7,L,"31,914"
2008-07-02,HOU,1,HOME,LAD,4,L,"34,058"
2008-07-03,HOU,2,HOME,LAD,5,L,"35,696"
2008-07-04,HOU,2,AWAY,ATL,6,L,"48,045"
2008-07-05,HOU,6,AWAY,ATL,1,W,"37,049"
2008-07-06,HOU,6,AWAY,ATL,7,L,"24,169"
2008-07-07,HOU,7,AWAY,PIT,10,L,"13,323"
2008-07-08,HOU,3,AWAY,PIT,4,L,"17,867"
2008-07-09,HOU,6,AWAY,PIT,4,W,"13,884"
2008-07-11,HOU,0,AWAY,WSN,10,L,"33,653"
2008-07-12,HOU,6,AWAY,WSN,4,W,"30,682"
2008-07-13,HOU,5,AWAY,WSN,0,W,"31,463"
2008-07-18,HOU,2,HOME,CHC,1,W,"42,368"
2008-07-19,HOU,4,HOME,CHC,1,W,"43,129"
2008-07-20,HOU,0,HOME,CHC,9,L,"41,461"
2008-07-21,HOU,3,HOME,PIT,9,L,"34,624"
2008-07-22,HOU,2,HOME,PIT,8,L,"33,996"
2008-07-23,HOU,7,HOME,PIT,8,L,"36,091"
2008-07-25,HOU,3,AWAY,MIL,1,W,"41,357"
2008-07-26,HOU,4,AWAY,MIL,6,L,"43,489"
2008-07-27,HOU,11,AWAY,MIL,6,W,"41,565"
2008-07-28,HOU,5,HOME,CIN,4,W,"31,783"
2008-07-29,HOU,6,HOME,CIN,2,W,"34,015"
2008-07-30,HOU,5,HOME,CIN,9,L,"30,272"
2008-08-01,HOU,7,HOME,NYM,3,W,"41,083"
2008-08-02,HOU,5,HOME,NYM,4,W,"39,152"
2008-08-03,HOU,4,HOME,NYM,0,W,"38,602"
2008-08-04,HOU,2,AWAY,CHC,0,W,"40,867"
2008-08-05,HOU,7,AWAY,CHC,11,L,"40,416"
2008-08-06,HOU,4,AWAY,CHC,11,L,"41,107"
2008-08-07,HOU,7,AWAY,CIN,4,W,"27,378"
2008-08-08,HOU,9,AWAY,CIN,5,W,"25,652"
2008-08-09,HOU,3,AWAY,CIN,1,W,"26,044"
2008-08-10,HOU,13,AWAY,CIN,4,W,"30,789"
2008-08-11,HOU,3,HOME,SFG,1,W,"28,220"
2008-08-12,HOU,12,HOME,SFG,4,W,"29,451"
2008-08-13,HOU,6,HOME,SFG,2,W,"30,330"
2008-08-14,HOU,7,HOME,SFG,4,W,"33,612"
2008-08-15,HOU,2,HOME,ARI,12,L,"36,035"
2008-08-16,HOU,5,HOME,ARI,11,L,"39,501"
2008-08-17,HOU,3,HOME,ARI,0,W,"42,619"
2008-08-18,HOU,3,AWAY,MIL,9,L,"41,991"
2008-08-19,HOU,5,AWAY,MIL,2,W,"41,622"
2008-08-20,HOU,2,AWAY,MIL,5,L,"41,419"
2008-08-22,HOU,0,AWAY,NYM,3,L,"52,008"
2008-08-23,HOU,8,AWAY,NYM,3,W,"51,766"
2008-08-24,HOU,6,AWAY,NYM,4,W,"49,758"
2008-08-25,HOU,1,AWAY,NYM,9,L,"49,791"
2008-08-26,HOU,1,HOME,CIN,2,L,"30,395"
2008-08-27,HOU,4,HOME,CIN,1,W,"30,741"
2008-08-28,HOU,3,HOME,CIN,2,W,"30,028"
2008-08-29,HOU,3,HOME,STL,2,W,"33,347"
2008-08-30,HOU,8,HOME,STL,5,W,"37,569"
2008-08-31,HOU,3,HOME,STL,0,W,"35,638"
2008-09-01,HOU,3,AWAY,CHC,0,W,"40,670"
2008-09-02,HOU,9,AWAY,CHC,7,W,"39,846"
2008-09-03,HOU,4,AWAY,CHC,0,W,"40,163"
2008-09-05,HOU,3,AWAY,COL,5,L,"26,163"
2008-09-06,HOU,2,AWAY,COL,0,W,"32,352"
2008-09-07,HOU,7,AWAY,COL,5,W,"30,509"
2008-09-08,HOU,3,HOME,PIT,2,W,"26,526"
2008-09-09,HOU,9,HOME,PIT,3,W,"30,034"
2008-09-10,HOU,7,HOME,PIT,4,W,"26,859"
2008-09-11,HOU,6,HOME,PIT,0,W,"31,101"
2008-09-14,HOU,0,HOME,CHC,5,L,"23,441"
2008-09-15,HOU,1,HOME,CHC,6,L,"15,158"
2008-09-16,HOU,1,AWAY,FLA,5,L,"12,232"
2008-09-17,HOU,2,AWAY,FLA,14,L,"14,124"
2008-09-18,HOU,1,AWAY,FLA,8,L,"14,219"
2008-09-19,HOU,5,AWAY,PIT,1,W,"26,301"
2008-09-20,HOU,4,AWAY,PIT,6,L,"36,621"
2008-09-21,HOU,6,AWAY,PIT,2,W,"20,311"
2008-09-23,HOU,1,HOME,CIN,2,L,"27,561"
2008-09-24,HOU,5,HOME,CIN,0,W,"26,103"
2008-09-25,HOU,8,HOME,CIN,6,W,"31,204"
2008-09-26,HOU,5,HOME,ATL,4,W,"33,477"
2008-09-27,HOU,5,HOME,ATL,11,L,"37,491"
2008-09-28,HOU,3,HOME,ATL,1,W,"37,113"
2009-04-06,HOU,2,HOME,CHC,4,L,43827
2009-04-07,HOU,3,HOME,CHC,2,W,31121
2009-04-08,HOU,6,HOME,CHC,11,L,30047
2009-04-10,HOU,3,AWAY,STL,5,L,37224
2009-04-11,HOU,2,AWAY,STL,11,L,43454
2009-04-12,HOU,0,AWAY,STL,3,L,36310
2009-04-13,HOU,0,AWAY,PIT,7,L,38411
2009-04-15,HOU,4,AWAY,PIT,1,W,20690
2009-04-16,HOU,6,AWAY,PIT,3,W,13877
2009-04-17,HOU,1,HOME,CIN,2,L,32268
2009-04-18,HOU,7,HOME,CIN,0,W,30141
2009-04-19,HOU,2,HOME,CIN,4,L,29372
2009-04-20,HOU,3,HOME,CIN,4,L,23308
2009-04-21,HOU,8,HOME,LAD,5,W,26360
2009-04-22,HOU,6,HOME,LAD,5,W,26725
2009-04-23,HOU,0,HOME,LAD,2,L,26081
2009-04-24,HOU,2,HOME,MIL,5,L,25316
2009-04-25,HOU,8,HOME,MIL,9,L,31355
2009-04-26,HOU,3,HOME,MIL,2,W,27690
2009-04-27,HOU,4,AWAY,CIN,1,W,12365
2009-04-28,HOU,8,AWAY,CIN,3,W,9878
2009-04-29,HOU,0,AWAY,CIN,3,L,12681
2009-05-01,HOU,2,AWAY,ATL,7,L,29309
2009-05-02,HOU,5,AWAY,ATL,1,W,28203
2009-05-03,HOU,7,AWAY,ATL,5,W,27921
2009-05-04,HOU,4,AWAY,WSN,9,L,14115
2009-05-05,HOU,10,AWAY,WSN,11,L,19328
2009-05-06,HOU,3,HOME,CHC,6,L,29415
2009-05-07,HOU,5,HOME,CHC,8,L,28625
2009-05-08,HOU,2,HOME,SDP,0,W,28139
2009-05-09,HOU,5,HOME,SDP,4,W,29141
2009-05-10,HOU,12,HOME,SDP,5,W,30023
2009-05-12,HOU,1,AWAY,COL,12,L,23233
2009-05-13,HOU,15,AWAY,COL,11,W,19226
2009-05-14,HOU,5,AWAY,COL,3,W,22696
2009-05-16,HOU,4,AWAY,CHC,5,L,40549
2009-05-17,HOU,6,AWAY,CHC,5,W,40478
2009-05-19,HOU,2,HOME,MIL,4,L,29343
2009-05-20,HOU,6,HOME,MIL,4,W,27160
2009-05-21,HOU,3,HOME,MIL,4,L,25037
2009-05-22,HOU,5,HOME,TEX,6,L,36017
2009-05-23,HOU,3,HOME,TEX,6,L,36019
2009-05-24,HOU,0,HOME,TEX,5,L,36749
2009-05-25,HOU,5,AWAY,CIN,8,L,17818
2009-05-26,HOU,4,AWAY,CIN,6,L,15619
2009-05-27,HOU,1,AWAY,CIN,6,L,17602
2009-05-29,HOU,6,AWAY,PIT,1,W,18236
2009-05-30,HOU,4,AWAY,PIT,7,L,37167
2009-05-31,HOU,2,AWAY,PIT,1,W,19566
2009-06-01,HOU,4,HOME,COL,1,W,24016
2009-06-02,HOU,3,HOME,COL,2,W,24041
2009-06-03,HOU,6,HOME,COL,4,W,22032
2009-06-04,HOU,3,HOME,COL,10,L,26671
2009-06-05,HOU,9,HOME,PIT,1,W,26222
2009-06-06,HOU,4,HOME,PIT,6,L,26099
2009-06-07,HOU,6,HOME,PIT,4,W,25729
2009-06-09,HOU,1,HOME,CHC,7,L,29669
2009-06-10,HOU,2,HOME,CHC,1,W,29840
2009-06-11,HOU,2,HOME,CHC,1,W,34250
2009-06-12,HOU,1,AWAY,ARI,8,L,22225
2009-06-13,HOU,6,AWAY,ARI,4,W,29206
2009-06-14,HOU,8,AWAY,ARI,3,W,26937
2009-06-16,HOU,1,AWAY,TEX,6,L,21676
2009-06-17,HOU,4,AWAY,TEX,5,L,32425
2009-06-18,HOU,5,AWAY,TEX,3,W,25445
2009-06-19,HOU,2,AWAY,MIN,5,L,32218
2009-06-20,HOU,6,AWAY,MIN,5,W,34710
2009-06-21,HOU,4,AWAY,MIN,1,W,39659
2009-06-23,HOU,1,HOME,KCR,2,L,30049
2009-06-24,HOU,3,HOME,KCR,4,L,28602
2009-06-25,HOU,5,HOME,KCR,4,W,32048
2009-06-26,HOU,5,HOME,DET,4,W,33052
2009-06-27,HOU,8,HOME,DET,1,W,37123
2009-06-28,HOU,3,HOME,DET,4,L,34041
2009-06-29,HOU,3,AWAY,SDP,1,W,15671
2009-06-30,HOU,3,AWAY,SDP,4,L,15276
2009-07-01,HOU,7,AWAY,SDP,1,W,16670
2009-07-02,HOU,7,AWAY,SDP,2,W,23284
2009-07-03,HOU,0,AWAY,SFG,13,L,42199
2009-07-04,HOU,0,AWAY,SFG,9,L,34582
2009-07-05,HOU,7,AWAY,SFG,1,W,30157
2009-07-06,HOU,4,HOME,PIT,1,W,26834
2009-07-07,HOU,3,HOME,PIT,6,L,27142
2009-07-08,HOU,5,HOME,PIT,0,W,29243
2009-07-09,HOU,9,HOME,WSN,4,W,25490
2009-07-10,HOU,6,HOME,WSN,5,W,33085
2009-07-11,HOU,2,HOME,WSN,13,L,30052
2009-07-12,HOU,5,HOME,WSN,0,W,28680
2009-07-16,HOU,3,AWAY,LAD,0,W,45970
2009-07-17,HOU,8,AWAY,LAD,1,W,51209
2009-07-18,HOU,2,AWAY,LAD,5,L,48298
2009-07-19,HOU,3,AWAY,LAD,4,L,40340
2009-07-20,HOU,3,HOME,STL,2,W,36437
2009-07-21,HOU,11,HOME,STL,6,W,33140
2009-07-22,HOU,4,HOME,STL,3,W,37619
2009-07-24,HOU,5,HOME,NYM,4,W,42967
2009-07-25,HOU,3,HOME,NYM,10,L,43302
2009-07-26,HOU,3,HOME,NYM,8,L,34642
2009-07-27,HOU,1,AWAY,CHC,5,L,40794
2009-07-28,HOU,11,AWAY,CHC,6,W,40814
2009-07-29,HOU,0,AWAY,CHC,12,L,41538
2009-07-30,HOU,3,AWAY,CHC,12,L,41524
2009-07-31,HOU,3,AWAY,STL,4,L,43760
2009-08-01,HOU,1,AWAY,STL,3,L,45074
2009-08-02,HOU,2,AWAY,STL,0,W,45227
2009-08-03,HOU,4,HOME,SFG,3,W,29835
2009-08-04,HOU,1,HOME,SFG,8,L,29747
2009-08-05,HOU,6,HOME,SFG,10,L,31710
2009-08-07,HOU,6,HOME,MIL,3,W,34691
2009-08-08,HOU,5,HOME,MIL,12,L,35216
2009-08-09,HOU,2,HOME,MIL,0,W,32262
2009-08-10,HOU,6,AWAY,FLA,8,L,12325
2009-08-11,HOU,8,AWAY,FLA,9,L,13312
2009-08-12,HOU,14,AWAY,FLA,6,W,21122
2009-08-13,HOU,2,AWAY,FLA,9,L,14047
2009-08-14,HOU,2,AWAY,MIL,11,L,37715
2009-08-15,HOU,2,AWAY,MIL,6,L,42952
2009-08-16,HOU,8,AWAY,MIL,5,W,41863
2009-08-18,HOU,2,HOME,FLA,6,L,30189
2009-08-19,HOU,6,HOME,FLA,3,W,30101
2009-08-20,HOU,4,HOME,FLA,1,W,30039
2009-08-21,HOU,1,HOME,ARI,0,W,30032
2009-08-22,HOU,4,HOME,ARI,2,W,39412
2009-08-23,HOU,5,HOME,ARI,7,L,30612
2009-08-25,HOU,0,AWAY,STL,1,L,40512
2009-08-26,HOU,2,AWAY,STL,3,L,40311
2009-08-27,HOU,4,AWAY,STL,3,W,40348
2009-08-28,HOU,7,AWAY,ARI,14,L,26190
2009-08-29,HOU,0,AWAY,ARI,9,L,37190
2009-08-30,HOU,3,AWAY,ARI,4,L,29062
2009-08-31,HOU,5,AWAY,CHC,3,W,36990
2009-09-01,HOU,1,AWAY,CHC,4,L,36332
2009-09-02,HOU,0,AWAY,CHC,2,L,39192
2009-09-04,HOU,7,HOME,PHI,0,W,30043
2009-09-05,HOU,5,HOME,PHI,4,W,35195
2009-09-06,HOU,4,HOME,PHI,3,W,34754
2009-09-07,HOU,4,HOME,PHI,3,W,29040
2009-09-08,HOU,1,HOME,ATL,2,L,26081
2009-09-09,HOU,2,HOME,ATL,1,W,22392
2009-09-10,HOU,7,HOME,ATL,9,L,26552
2009-09-11,HOU,9,HOME,PIT,1,W,31302
2009-09-12,HOU,4,HOME,PIT,2,W,35213
2009-09-13,HOU,1,HOME,PIT,2,L,34405
2009-09-14,HOU,1,AWAY,CIN,3,L,9852
2009-09-15,HOU,4,AWAY,CIN,5,L,11923
2009-09-16,HOU,5,AWAY,CIN,6,L,10662
2009-09-18,HOU,2,AWAY,MIL,3,L,39057
2009-09-19,HOU,2,AWAY,MIL,7,L,36399
2009-09-20,HOU,0,AWAY,MIL,6,L,30024
2009-09-21,HOU,3,HOME,STL,7,L,34705
2009-09-22,HOU,2,HOME,STL,11,L,32644
2009-09-23,HOU,3,HOME,STL,0,W,38732
2009-09-25,HOU,4,HOME,CIN,10,L,37710
2009-09-26,HOU,4,HOME,CIN,10,L,39476
2009-09-27,HOU,3,HOME,CIN,2,W,37595
2009-09-28,HOU,8,AWAY,PHI,2,W,45146
2009-09-29,HOU,4,AWAY,PHI,7,L,45082
2009-09-30,HOU,3,AWAY,PHI,10,L,45207
2009-10-01,HOU,5,AWAY,PHI,3,W,44905
2009-10-02,HOU,1,AWAY,NYM,7,L,37576
2009-10-03,HOU,1,AWAY,NYM,5,L,37578
2009-10-04,HOU,0,AWAY,NYM,4,L,38135
2010-04-05,HOU,2,HOME,SFG,5,L,43836
2010-04-06,HOU,0,HOME,SFG,3,L,24237
2010-04-07,HOU,4,HOME,SFG,10,L,21599
2010-04-09,HOU,0,HOME,PHI,8,L,27288
2010-04-10,HOU,6,HOME,PHI,9,L,35138
2010-04-11,HOU,1,HOME,PHI,2,L,28619
2010-04-12,HOU,0,AWAY,STL,5,L,46918
2010-04-14,HOU,1,AWAY,STL,2,L,35883
2010-04-15,HOU,5,AWAY,STL,1,W,35371
2010-04-16,HOU,2,AWAY,CHC,7,L,37291
2010-04-17,HOU,4,AWAY,CHC,3,W,40471
2010-04-18,HOU,3,AWAY,CHC,2,W,39506
2010-04-20,HOU,7,HOME,FLA,5,W,24135
2010-04-21,HOU,5,HOME,FLA,4,W,22607
2010-04-22,HOU,1,HOME,FLA,5,L,21802
2010-04-23,HOU,4,HOME,PIT,3,W,30018
2010-04-24,HOU,5,HOME,PIT,2,W,30562
2010-04-25,HOU,10,HOME,PIT,3,W,27210
2010-04-27,HOU,2,HOME,CIN,6,L,22467
2010-04-28,HOU,4,HOME,CIN,6,L,21035
2010-04-29,HOU,2,HOME,CIN,4,L,21493
2010-04-30,HOU,2,AWAY,ATL,4,L,30082
2010-05-01,HOU,1,AWAY,ATL,10,L,27035
2010-05-02,HOU,1,AWAY,ATL,7,L,25665
2010-05-03,HOU,1,HOME,ARI,9,L,20370
2010-05-04,HOU,0,HOME,ARI,1,L,22661
2010-05-05,HOU,4,HOME,ARI,2,W,21030
2010-05-06,HOU,3,HOME,ARI,6,L,21019
2010-05-07,HOU,0,HOME,SDP,7,L,25586
2010-05-08,HOU,1,HOME,SDP,2,L,27038
2010-05-09,HOU,4,HOME,SDP,3,W,23526
2010-05-11,HOU,6,AWAY,STL,3,W,35875
2010-05-12,HOU,9,AWAY,STL,6,W,36342
2010-05-13,HOU,4,AWAY,STL,1,W,39026
2010-05-14,HOU,2,AWAY,SFG,8,L,38650
2010-05-15,HOU,1,AWAY,SFG,2,L,40060
2010-05-16,HOU,3,AWAY,SFG,4,L,40582
2010-05-17,HOU,2,AWAY,LAD,6,L,35282
2010-05-18,HOU,3,AWAY,LAD,7,L,55662
2010-05-19,HOU,7,HOME,COL,3,W,25200
2010-05-20,HOU,0,HOME,COL,4,L,25932
2010-05-21,HOU,2,HOME,TBR,1,W,27601
2010-05-22,HOU,2,HOME,TBR,4,L,33778
2010-05-23,HOU,6,HOME,TBR,10,L,28801
2010-05-25,HOU,1,AWAY,MIL,6,L,27363
2010-05-26,HOU,5,AWAY,MIL,0,W,30151
2010-05-27,HOU,3,AWAY,MIL,4,L,34355
2010-05-28,HOU,6,AWAY,CIN,15,L,30813
2010-05-29,HOU,2,AWAY,CIN,12,L,36918
2010-05-30,HOU,2,AWAY,CIN,0,W,36038
2010-05-31,HOU,4,HOME,WSN,14,L,34704
2010-06-01,HOU,8,HOME,WSN,7,W,25249
2010-06-02,HOU,5,HOME,WSN,1,W,26736
2010-06-03,HOU,6,HOME,WSN,4,W,21814
2010-06-04,HOU,3,HOME,CHC,1,W,28784
2010-06-05,HOU,5,HOME,CHC,8,L,34241
2010-06-06,HOU,6,HOME,CHC,3,W,29493
2010-06-07,HOU,1,AWAY,COL,5,L,28251
2010-06-08,HOU,4,AWAY,COL,3,W,26201
2010-06-09,HOU,6,AWAY,COL,2,W,27114
2010-06-10,HOU,5,AWAY,COL,4,W,28329
2010-06-11,HOU,3,AWAY,NYY,4,L,46883
2010-06-12,HOU,3,AWAY,NYY,9,L,46159
2010-06-13,HOU,5,AWAY,NYY,9,L,46832
2010-06-15,HOU,7,AWAY,KCR,15,L,24862
2010-06-16,HOU,4,AWAY,KCR,2,W,17675
2010-06-17,HOU,2,AWAY,KCR,5,L,16255
2010-06-18,HOU,3,HOME,TEX,9,L,33951
2010-06-19,HOU,1,HOME,TEX,5,L,41060
2010-06-20,HOU,4,HOME,TEX,5,L,33753
2010-06-22,HOU,1,HOME,SFG,3,L,29777
2010-06-23,HOU,6,HOME,SFG,3,W,29311
2010-06-24,HOU,7,HOME,SFG,5,W,26662
2010-06-25,HOU,7,AWAY,TEX,4,W,43457
2010-06-26,HOU,2,AWAY,TEX,7,L,28951
2010-06-27,HOU,1,AWAY,TEX,10,L,37487
2010-06-28,HOU,9,AWAY,MIL,5,W,27908
2010-06-29,HOU,5,AWAY,MIL,7,L,32907
2010-06-30,HOU,5,AWAY,MIL,1,W,30114
2010-07-01,HOU,6,AWAY,SDP,3,W,18618
2010-07-02,HOU,0,AWAY,SDP,3,L,30691
2010-07-03,HOU,0,AWAY,SDP,1,L,40042
2010-07-04,HOU,2,AWAY,SDP,3,L,23498
2010-07-06,HOU,6,HOME,PIT,2,W,23210
2010-07-07,HOU,6,HOME,PIT,3,W,23123
2010-07-08,HOU,2,HOME,PIT,0,W,24416
2010-07-09,HOU,0,HOME,STL,8,L,33224
2010-07-10,HOU,4,HOME,STL,1,W,37518
2010-07-11,HOU,2,HOME,STL,4,L,32975
2010-07-16,HOU,5,AWAY,PIT,2,W,23273
2010-07-17,HOU,6,AWAY,PIT,12,L,36665
2010-07-18,HOU,0,AWAY,PIT,9,L,16638
2010-07-19,HOU,11,AWAY,CHC,5,W,35514
2010-07-20,HOU,7,AWAY,CHC,14,L,36401
2010-07-21,HOU,4,AWAY,CHC,3,W,38533
2010-07-23,HOU,4,HOME,CIN,6,L,30575
2010-07-24,HOU,0,HOME,CIN,7,L,31552
2010-07-25,HOU,4,HOME,CIN,0,W,25705
2010-07-26,HOU,2,HOME,CHC,5,L,25037
2010-07-27,HOU,6,HOME,CHC,1,W,28047
2010-07-28,HOU,8,HOME,CHC,1,W,28046
2010-07-30,HOU,5,HOME,MIL,0,W,27456
2010-07-31,HOU,6,HOME,MIL,0,W,38824
2010-08-01,HOU,5,HOME,MIL,2,W,27964
2010-08-02,HOU,9,AWAY,STL,4,W,43369
2010-08-03,HOU,18,AWAY,STL,4,W,41958
2010-08-04,HOU,4,AWAY,STL,8,L,41596
2010-08-06,HOU,5,AWAY,MIL,6,L,33952
2010-08-07,HOU,2,AWAY,MIL,5,L,39410
2010-08-08,HOU,6,AWAY,MIL,11,L,39339
2010-08-09,HOU,10,HOME,ATL,4,W,34684
2010-08-10,HOU,2,HOME,ATL,4,L,34155
2010-08-11,HOU,2,HOME,ATL,8,L,31352
2010-08-13,HOU,4,HOME,PIT,1,W,36124
2010-08-14,HOU,3,HOME,PIT,2,W,31608
2010-08-15,HOU,8,HOME,PIT,2,W,34372
2010-08-16,HOU,1,HOME,NYM,3,L,22688
2010-08-17,HOU,4,HOME,NYM,3,W,26279
2010-08-18,HOU,2,HOME,NYM,3,L,23403
2010-08-19,HOU,3,HOME,NYM,2,W,26271
2010-08-20,HOU,0,AWAY,FLA,9,L,19456
2010-08-21,HOU,3,AWAY,FLA,6,L,21721
2010-08-22,HOU,2,AWAY,FLA,1,W,18886
2010-08-23,HOU,3,AWAY,PHI,2,W,44081
2010-08-24,HOU,4,AWAY,PHI,2,W,45494
2010-08-25,HOU,3,AWAY,PHI,2,W,44657
2010-08-26,HOU,5,AWAY,PHI,1,W,44958
2010-08-27,HOU,1,AWAY,NYM,2,L,30178
2010-08-28,HOU,4,AWAY,NYM,1,W,33024
2010-08-29,HOU,1,AWAY,NYM,5,L,32779
2010-08-30,HOU,3,HOME,STL,0,W,23140
2010-08-31,HOU,3,HOME,STL,0,W,29307
2010-09-01,HOU,5,HOME,STL,2,W,22068
2010-09-03,HOU,3,AWAY,ARI,4,L,24748
2010-09-04,HOU,6,AWAY,ARI,5,W,31605
2010-09-05,HOU,3,AWAY,ARI,2,W,25416
2010-09-06,HOU,4,AWAY,CHC,5,L,31647
2010-09-07,HOU,7,AWAY,CHC,3,W,31596
2010-09-08,HOU,4,AWAY,CHC,0,W,33623
2010-09-09,HOU,3,HOME,LAD,2,W,28081
2010-09-10,HOU,2,HOME,LAD,4,L,31010
2010-09-11,HOU,3,HOME,LAD,6,L,39237
2010-09-12,HOU,7,HOME,LAD,4,W,30240
2010-09-13,HOU,4,HOME,MIL,2,W,31342
2010-09-14,HOU,3,HOME,MIL,2,W,33878
2010-09-15,HOU,6,HOME,MIL,8,L,30791
2010-09-17,HOU,5,HOME,CIN,3,W,30218
2010-09-18,HOU,1,HOME,CIN,11,L,29855
2010-09-19,HOU,4,HOME,CIN,3,W,32520
2010-09-20,HOU,8,AWAY,WSN,2,W,10999
2010-09-21,HOU,4,AWAY,WSN,8,L,11893
2010-09-22,HOU,3,AWAY,WSN,4,L,12213
2010-09-23,HOU,2,AWAY,WSN,7,L,14633
2010-09-24,HOU,10,AWAY,PIT,7,W,22279
2010-09-25,HOU,4,AWAY,PIT,6,L,25350
2010-09-26,HOU,3,AWAY,PIT,9,L,23208
2010-09-28,HOU,2,AWAY,CIN,3,L,30151
2010-09-29,HOU,2,AWAY,CIN,0,W,14760
2010-09-30,HOU,1,AWAY,CIN,9,L,17558
2010-10-01,HOU,0,HOME,CHC,2,L,33869
2010-10-02,HOU,3,HOME,CHC,8,L,36098
2010-10-03,HOU,4,HOME,CHC,0,W,31105
2011-04-01,HOU,4,AWAY,PHI,5,L,45237
2011-04-02,HOU,4,AWAY,PHI,9,L,45455
2011-04-03,HOU,3,AWAY,PHI,7,L,45562
2011-04-05,HOU,2,AWAY,CIN,8,L,11821
2011-04-06,HOU,4,AWAY,CIN,12,L,17719
2011-04-07,HOU,3,AWAY,CIN,2,W,20104
2011-04-08,HOU,3,HOME,FLA,4,L,41042
2011-04-09,HOU,5,HOME,FLA,7,L,25421
2011-04-10,HOU,7,HOME,FLA,1,W,22299
2011-04-11,HOU,4,HOME,CHC,5,L,20175
2011-04-12,HOU,11,HOME,CHC,2,W,23523
2011-04-13,HOU,5,HOME,CHC,9,L,20987
2011-04-14,HOU,1,HOME,SDP,0,W,20045
2011-04-15,HOU,2,HOME,SDP,4,L,23755
2011-04-16,HOU,5,HOME,SDP,3,W,28100
2011-04-17,HOU,6,HOME,SDP,8,L,22899
2011-04-19,HOU,6,AWAY,NYM,1,W,27032
2011-04-20,HOU,4,AWAY,NYM,3,W,27380
2011-04-21,HOU,1,AWAY,NYM,9,L,32819
2011-04-22,HOU,7,AWAY,MIL,14,L,31907
2011-04-23,HOU,9,AWAY,MIL,6,W,37065
2011-04-24,HOU,1,AWAY,MIL,4,L,32323
2011-04-26,HOU,6,HOME,STL,5,W,25526
2011-04-27,HOU,5,HOME,STL,6,L,27857
2011-04-28,HOU,7,HOME,STL,11,L,26331
2011-04-29,HOU,0,HOME,MIL,5,L,25734
2011-04-30,HOU,2,HOME,MIL,1,W,26514
2011-05-01,HOU,5,HOME,MIL,0,W,23908
2011-05-03,HOU,10,AWAY,CIN,4,W,12005
2011-05-04,HOU,2,AWAY,CIN,3,L,12340
2011-05-05,HOU,4,AWAY,CIN,10,L,14765
2011-05-06,HOU,3,AWAY,PIT,2,W,12728
2011-05-07,HOU,1,AWAY,PIT,6,L,32299
2011-05-08,HOU,4,AWAY,PIT,5,L,17946
2011-05-09,HOU,1,HOME,CIN,6,L,20174
2011-05-10,HOU,3,HOME,CIN,7,L,24499
2011-05-11,HOU,4,HOME,CIN,3,W,21008
2011-05-13,HOU,4,HOME,NYM,6,L,28791
2011-05-14,HOU,7,HOME,NYM,3,W,31140
2011-05-15,HOU,4,HOME,NYM,7,L,28406
2011-05-16,HOU,2,AWAY,ATL,3,L,17416
2011-05-17,HOU,1,AWAY,ATL,3,L,21085
2011-05-18,HOU,1,AWAY,STL,5,L,35298
2011-05-19,HOU,2,AWAY,STL,4,L,36409
2011-05-20,HOU,5,AWAY,TOR,2,W,15478
2011-05-21,HOU,5,AWAY,TOR,7,L,21494
2011-05-22,HOU,3,AWAY,TOR,2,W,19487
2011-05-23,HOU,4,HOME,LAD,3,W,22579
2011-05-24,HOU,4,HOME,LAD,5,L,28713
2011-05-25,HOU,2,HOME,LAD,1,W,21350
2011-05-27,HOU,6,HOME,ARI,7,L,21834
2011-05-28,HOU,3,HOME,ARI,11,L,31405
2011-05-29,HOU,2,HOME,ARI,4,L,21882
2011-05-30,HOU,12,AWAY,CHC,7,W,30450
2011-05-31,HOU,7,AWAY,CHC,3,W,31178
2011-06-01,HOU,3,AWAY,CHC,1,W,31340
2011-06-02,HOU,7,AWAY,SDP,4,W,16635
2011-06-03,HOU,1,AWAY,SDP,3,L,20056
2011-06-04,HOU,3,AWAY,SDP,6,L,28208
2011-06-05,HOU,2,AWAY,SDP,7,L,21958
2011-06-07,HOU,4,HOME,STL,7,L,23277
2011-06-08,HOU,4,HOME,STL,1,W,22107
2011-06-09,HOU,2,HOME,STL,9,L,24482
2011-06-10,HOU,4,HOME,ATL,11,L,29252
2011-06-11,HOU,3,HOME,ATL,6,L,32117
2011-06-12,HOU,1,HOME,ATL,4,L,23765
2011-06-13,HOU,8,HOME,ATL,3,W,21466
2011-06-14,HOU,0,HOME,PIT,1,L,29712
2011-06-15,HOU,3,HOME,PIT,7,L,29866
2011-06-16,HOU,4,HOME,PIT,5,L,26415
2011-06-17,HOU,7,AWAY,LAD,3,W,35053
2011-06-18,HOU,7,AWAY,LAD,0,W,36124
2011-06-19,HOU,0,AWAY,LAD,1,L,44665
2011-06-20,HOU,3,AWAY,TEX,8,L,41205
2011-06-21,HOU,4,AWAY,TEX,5,L,33533
2011-06-22,HOU,5,AWAY,TEX,3,W,39708
2011-06-24,HOU,1,HOME,TBR,5,L,26682
2011-06-25,HOU,2,HOME,TBR,7,L,27208
2011-06-26,HOU,10,HOME,TBR,14,L,23965
2011-06-28,HOU,3,HOME,TEX,7,L,29132
2011-06-29,HOU,2,HOME,TEX,3,L,24472
2011-06-30,HOU,7,HOME,TEX,0,W,25938
2011-07-01,HOU,5,HOME,BOS,7,L,36279
2011-07-02,HOU,4,HOME,BOS,10,L,39021
2011-07-03,HOU,1,HOME,BOS,2,L,38035
2011-07-04,HOU,3,AWAY,PIT,5,L,36942
2011-07-05,HOU,1,AWAY,PIT,5,L,18151
2011-07-06,HOU,8,AWAY,PIT,2,W,18910
2011-07-07,HOU,0,AWAY,FLA,5,L,17806
2011-07-08,HOU,3,AWAY,FLA,6,L,17044
2011-07-09,HOU,1,AWAY,FLA,6,L,20402
2011-07-10,HOU,4,AWAY,FLA,5,L,17123
2011-07-15,HOU,0,HOME,PIT,4,L,27787
2011-07-16,HOU,6,HOME,PIT,4,W,35081
2011-07-17,HOU,5,HOME,PIT,7,L,24580
2011-07-18,HOU,2,HOME,WSN,5,L,28975
2011-07-19,HOU,7,HOME,WSN,6,W,32418
2011-07-20,HOU,3,HOME,WSN,2,W,29605
2011-07-22,HOU,2,AWAY,CHC,4,L,39855
2011-07-23,HOU,1,AWAY,CHC,5,L,40486
2011-07-24,HOU,4,AWAY,CHC,5,L,40406
2011-07-25,HOU,5,AWAY,STL,10,L,38074
2011-07-26,HOU,1,AWAY,STL,3,L,35588
2011-07-27,HOU,4,AWAY,STL,2,W,35679
2011-07-28,HOU,5,AWAY,STL,3,W,38794
2011-07-29,HOU,0,AWAY,MIL,4,L,41672
2011-07-30,HOU,2,AWAY,MIL,6,L,44306
2011-07-31,HOU,4,AWAY,MIL,5,L,41738
2011-08-01,HOU,4,HOME,CIN,3,W,21502
2011-08-02,HOU,1,HOME,CIN,5,L,22603
2011-08-03,HOU,5,HOME,CIN,4,W,22102
2011-08-05,HOU,1,HOME,MIL,8,L,25811
2011-08-06,HOU,5,HOME,MIL,7,L,30561
2011-08-07,HOU,3,HOME,MIL,7,L,22885
2011-08-08,HOU,9,AWAY,ARI,1,W,17448
2011-08-09,HOU,9,AWAY,ARI,11,L,17814
2011-08-10,HOU,3,AWAY,ARI,6,L,18628
2011-08-11,HOU,5,AWAY,ARI,8,L,18418
2011-08-12,HOU,0,AWAY,LAD,1,L,33642
2011-08-13,HOU,1,AWAY,LAD,6,L,36111
2011-08-14,HOU,0,AWAY,LAD,7,L,36339
2011-08-15,HOU,3,HOME,CHC,4,L,20138
2011-08-16,HOU,6,HOME,CHC,5,W,23736
2011-08-17,HOU,4,HOME,CHC,3,W,24054
2011-08-19,HOU,6,HOME,SFG,0,W,26259
2011-08-20,HOU,7,HOME,SFG,5,W,29046
2011-08-21,HOU,4,HOME,SFG,6,L,25838
2011-08-22,HOU,5,AWAY,COL,9,L,27166
2011-08-23,HOU,6,AWAY,COL,8,L,31179
2011-08-24,HOU,6,AWAY,COL,7,L,30333
2011-08-25,HOU,3,AWAY,SFG,1,W,41115
2011-08-26,HOU,1,AWAY,SFG,2,L,41438
2011-08-27,HOU,1,AWAY,SFG,2,L,42318
2011-08-28,HOU,4,AWAY,SFG,3,W,41681
2011-08-29,HOU,7,HOME,PIT,4,W,19250
2011-08-30,HOU,8,HOME,PIT,2,W,21750
2011-08-31,HOU,2,HOME,PIT,0,W,22918
2011-09-02,HOU,2,HOME,MIL,8,L,20045
2011-09-03,HOU,2,HOME,MIL,8,L,24982
2011-09-04,HOU,0,HOME,MIL,4,L,21976
2011-09-05,HOU,1,AWAY,PIT,3,L,13366
2011-09-06,HOU,4,AWAY,PIT,1,W,9840
2011-09-07,HOU,4,AWAY,PIT,5,L,12330
2011-09-09,HOU,3,AWAY,WSN,4,L,18307
2011-09-10,HOU,9,AWAY,WSN,3,W,30935
2011-09-11,HOU,2,AWAY,WSN,8,L,24238
2011-09-12,HOU,5,HOME,PHI,1,W,22231
2011-09-13,HOU,5,HOME,PHI,2,W,24302
2011-09-14,HOU,0,HOME,PHI,1,L,20027
2011-09-16,HOU,3,AWAY,CHC,4,L,35318
2011-09-17,HOU,1,AWAY,CHC,2,L,39377
2011-09-18,HOU,3,AWAY,CHC,2,W,36250
2011-09-19,HOU,3,AWAY,CIN,2,W,21168
2011-09-20,HOU,4,AWAY,CIN,6,L,23847
2011-09-21,HOU,0,AWAY,CIN,2,L,20875
2011-09-22,HOU,9,HOME,COL,6,W,20773
2011-09-23,HOU,11,HOME,COL,2,W,22467
2011-09-24,HOU,2,HOME,COL,4,L,26209
2011-09-25,HOU,3,HOME,COL,19,L,21621
2011-09-26,HOU,5,HOME,STL,4,W,20017
2011-09-27,HOU,6,HOME,STL,13,L,22021
2011-09-28,HOU,0,HOME,STL,8,L,24358
2012-04-06,HOU,3,HOME,COL,5,L,43464
2012-04-07,HOU,7,HOME,COL,3,W,23962
2012-04-08,HOU,3,HOME,COL,2,W,14195
2012-04-09,HOU,8,HOME,ATL,3,W,17095
2012-04-10,HOU,4,HOME,ATL,6,L,22036
2012-04-11,HOU,3,HOME,ATL,6,L,18225
2012-04-13,HOU,4,AWAY,MIA,5,L,30169
2012-04-14,HOU,5,AWAY,MIA,4,W,31659
2012-04-15,HOU,4,AWAY,MIA,5,L,34232
2012-04-16,HOU,3,AWAY,WSN,6,L,16245
2012-04-17,HOU,0,AWAY,WSN,1,L,17886
2012-04-18,HOU,2,AWAY,WSN,3,L,14520
2012-04-19,HOU,11,AWAY,WSN,4,W,18045
2012-04-20,HOU,1,HOME,LAD,3,L,30270
2012-04-21,HOU,1,HOME,LAD,5,L,25562
2012-04-22,HOU,12,HOME,LAD,0,W,23948
2012-04-23,HOU,5,AWAY,MIL,6,L,36291
2012-04-24,HOU,6,AWAY,MIL,9,L,38686
2012-04-25,HOU,7,AWAY,MIL,5,W,26778
2012-04-27,HOU,6,AWAY,CIN,4,W,29486
2012-04-28,HOU,0,AWAY,CIN,6,L,32971
2012-04-29,HOU,5,AWAY,CIN,6,L,31086
2012-04-30,HOU,4,HOME,NYM,3,W,17536
2012-05-01,HOU,6,HOME,NYM,3,W,17958
2012-05-02,HOU,8,HOME,NYM,1,W,19442
2012-05-04,HOU,5,HOME,STL,4,W,27201
2012-05-05,HOU,8,HOME,STL,2,W,23633
2012-05-06,HOU,1,HOME,STL,8,L,22288
2012-05-07,HOU,0,HOME,MIA,4,L,16531
2012-05-08,HOU,3,HOME,MIA,2,W,14801
2012-05-09,HOU,3,HOME,MIA,5,L,16072
2012-05-11,HOU,1,AWAY,PIT,0,W,19878
2012-05-12,HOU,2,AWAY,PIT,5,L,34187
2012-05-13,HOU,2,AWAY,PIT,3,L,27517
2012-05-14,HOU,1,AWAY,PHI,5,L,43824
2012-05-15,HOU,3,AWAY,PHI,4,L,43781
2012-05-16,HOU,8,HOME,MIL,3,W,15453
2012-05-17,HOU,4,HOME,MIL,0,W,15173
2012-05-18,HOU,1,HOME,TEX,4,L,34715
2012-05-19,HOU,6,HOME,TEX,5,W,42673
2012-05-20,HOU,1,HOME,TEX,6,L,35873
2012-05-21,HOU,8,HOME,CHC,4,W,16895
2012-05-22,HOU,2,HOME,CHC,1,W,20091
2012-05-23,HOU,5,HOME,CHC,1,W,18732
2012-05-25,HOU,3,AWAY,LAD,1,W,36283
2012-05-26,HOU,3,AWAY,LAD,6,L,36561
2012-05-27,HOU,1,AWAY,LAD,5,L,33306
2012-05-28,HOU,7,AWAY,COL,9,L,34546
2012-05-28,HOU,6,AWAY,COL,7,L,35786
2012-05-30,HOU,5,AWAY,COL,13,L,28102
2012-05-31,HOU,5,AWAY,COL,11,L,31799
2012-06-01,HOU,1,HOME,CIN,4,L,21464
2012-06-02,HOU,9,HOME,CIN,12,L,22991
2012-06-03,HOU,5,HOME,CIN,3,W,19914
2012-06-05,HOU,9,HOME,STL,8,W,18911
2012-06-06,HOU,3,HOME,STL,4,L,18517
2012-06-07,HOU,2,HOME,STL,14,L,22265
2012-06-08,HOU,8,AWAY,CHW,3,W,22452
2012-06-09,HOU,1,AWAY,CHW,10,L,22880
2012-06-10,HOU,11,AWAY,CHW,9,W,20398
2012-06-12,HOU,3,AWAY,SFG,6,L,42100
2012-06-13,HOU,0,AWAY,SFG,10,L,42298
2012-06-14,HOU,6,AWAY,SFG,3,W,41662
2012-06-15,HOU,2,AWAY,TEX,6,L,47430
2012-06-16,HOU,3,AWAY,TEX,8,L,48288
2012-06-17,HOU,3,AWAY,TEX,9,L,46320
2012-06-18,HOU,9,HOME,KCR,7,W,15436
2012-06-19,HOU,0,HOME,KCR,2,L,18098
2012-06-20,HOU,1,HOME,KCR,2,L,30687
2012-06-22,HOU,0,HOME,CLE,2,L,26932
2012-06-23,HOU,8,HOME,CLE,1,W,34241
2012-06-24,HOU,7,HOME,CLE,1,W,21191
2012-06-25,HOU,7,HOME,SDP,8,L,14483
2012-06-26,HOU,5,HOME,SDP,3,W,15416
2012-06-27,HOU,1,HOME,SDP,0,W,15012
2012-06-28,HOU,3,HOME,SDP,7,L,19415
2012-06-29,HOU,0,AWAY,CHC,4,L,32891
2012-06-30,HOU,2,AWAY,CHC,3,L,37906
2012-07-01,HOU,0,AWAY,CHC,3,L,37389
2012-07-02,HOU,2,AWAY,PIT,11,L,21041
2012-07-03,HOU,7,AWAY,PIT,8,L,21516
2012-07-04,HOU,4,AWAY,PIT,6,L,36827
2012-07-05,HOU,0,AWAY,PIT,2,L,21386
2012-07-06,HOU,1,HOME,MIL,7,L,23430
2012-07-07,HOU,6,HOME,MIL,3,W,23027
2012-07-08,HOU,3,HOME,MIL,5,L,16966
2012-07-13,HOU,1,AWAY,SFG,5,L,42116
2012-07-14,HOU,2,AWAY,SFG,3,L,42171
2012-07-15,HOU,2,AWAY,SFG,3,L,42265
2012-07-16,HOU,2,AWAY,SDP,0,W,26098
2012-07-17,HOU,2,AWAY,SDP,8,L,20944
2012-07-18,HOU,4,AWAY,SDP,8,L,25713
2012-07-19,HOU,0,AWAY,SDP,1,L,26735
2012-07-20,HOU,8,AWAY,ARI,13,L,23567
2012-07-21,HOU,3,AWAY,ARI,12,L,35665
2012-07-22,HOU,2,AWAY,ARI,8,L,20951
2012-07-23,HOU,3,HOME,CIN,8,L,15538
2012-07-24,HOU,2,HOME,CIN,4,L,15908
2012-07-25,HOU,3,HOME,CIN,5,L,16077
2012-07-26,HOU,3,HOME,PIT,5,L,19926
2012-07-27,HOU,5,HOME,PIT,6,L,24685
2012-07-28,HOU,3,HOME,PIT,4,L,34146
2012-07-29,HOU,9,HOME,PIT,5,W,20453
2012-07-30,HOU,7,AWAY,MIL,8,L,28131
2012-07-31,HOU,1,AWAY,MIL,10,L,30011
2012-08-01,HOU,4,AWAY,MIL,13,L,32217
2012-08-03,HOU,1,AWAY,ATL,4,L,28300
2012-08-04,HOU,3,AWAY,ATL,2,W,30029
2012-08-05,HOU,1,AWAY,ATL,6,L,23474
2012-08-06,HOU,4,HOME,WSN,5,L,13843
2012-08-07,HOU,2,HOME,WSN,3,L,14273
2012-08-08,HOU,3,HOME,WSN,4,L,16038
2012-08-09,HOU,0,HOME,WSN,5,L,14417
2012-08-10,HOU,4,HOME,MIL,3,W,21025
2012-08-11,HOU,6,HOME,MIL,5,W,17942
2012-08-12,HOU,3,HOME,MIL,5,L,19235
2012-08-13,HOU,1,AWAY,CHC,7,L,31452
2012-08-14,HOU,10,AWAY,CHC,1,W,33376
2012-08-15,HOU,2,AWAY,CHC,7,L,33714
2012-08-17,HOU,1,HOME,ARI,3,L,19223
2012-08-18,HOU,4,HOME,ARI,12,L,20838
2012-08-19,HOU,1,HOME,ARI,8,L,14923
2012-08-21,HOU,0,AWAY,STL,7,L,35370
2012-08-22,HOU,2,AWAY,STL,4,L,35198
2012-08-23,HOU,5,AWAY,STL,13,L,30343
2012-08-24,HOU,3,AWAY,NYM,1,W,25513
2012-08-25,HOU,1,AWAY,NYM,3,L,29906
2012-08-26,HOU,1,AWAY,NYM,2,L,25071
2012-08-28,HOU,2,HOME,SFG,3,L,13516
2012-08-29,HOU,4,HOME,SFG,6,L,13207
2012-08-30,HOU,4,HOME,SFG,8,L,12835
2012-08-31,HOU,3,HOME,CIN,9,L,15287
2012-09-01,HOU,2,HOME,CIN,1,W,18316
2012-09-02,HOU,3,HOME,CIN,5,L,17291
2012-09-03,HOU,5,AWAY,PIT,1,W,20055
2012-09-04,HOU,2,AWAY,PIT,6,L,12785
2012-09-05,HOU,3,AWAY,PIT,6,L,14159
2012-09-07,HOU,5,AWAY,CIN,3,W,23785
2012-09-08,HOU,1,AWAY,CIN,5,L,35018
2012-09-09,HOU,5,AWAY,CIN,1,W,33438
2012-09-10,HOU,1,HOME,CHC,4,L,13121
2012-09-11,HOU,1,HOME,CHC,0,W,14205
2012-09-12,HOU,1,HOME,CHC,5,L,13101
2012-09-13,HOU,6,HOME,PHI,4,W,13028
2012-09-14,HOU,6,HOME,PHI,12,L,17535
2012-09-15,HOU,5,HOME,PHI,0,W,20419
2012-09-16,HOU,7,HOME,PHI,6,W,17438
2012-09-18,HOU,1,AWAY,STL,4,L,35422
2012-09-19,HOU,0,AWAY,STL,5,L,39062
2012-09-20,HOU,4,AWAY,STL,5,L,34788
2012-09-21,HOU,7,HOME,PIT,1,W,17093
2012-09-22,HOU,4,HOME,PIT,1,W,17185
2012-09-23,HOU,1,HOME,PIT,8,L,15207
2012-09-24,HOU,1,HOME,STL,6,L,12584
2012-09-25,HOU,0,HOME,STL,4,L,16943
2012-09-26,HOU,2,HOME,STL,0,W,18712
2012-09-28,HOU,7,AWAY,MIL,6,W,41716
2012-09-29,HOU,5,AWAY,MIL,9,L,34294
2012-09-30,HOU,7,AWAY,MIL,0,W,38443
2012-10-01,HOU,3,AWAY,CHC,0,W,32167
2012-10-02,HOU,3,AWAY,CHC,0,W,33168
2012-10-03,HOU,4,AWAY,CHC,5,L,27606
2013-03-31,HOU,8,HOME,TEX,2,W,41307
2013-04-02,HOU,0,HOME,TEX,7,L,22673
2013-04-03,HOU,0,HOME,TEX,4,L,15831
2013-04-05,HOU,3,HOME,OAK,8,L,18197
2013-04-06,HOU,3,HOME,OAK,6,L,18685
2013-04-07,HOU,3,HOME,OAK,9,L,16914
2013-04-08,HOU,0,AWAY,SEA,3,L,42589
2013-04-09,HOU,16,AWAY,SEA,9,W,10765
2013-04-10,HOU,8,AWAY,SEA,3,W,10496
2013-04-12,HOU,5,AWAY,LAA,0,W,37674
2013-04-13,HOU,4,AWAY,LAA,5,L,43520
2013-04-14,HOU,1,AWAY,LAA,4,L,36126
2013-04-15,HOU,2,AWAY,OAK,11,L,10689
2013-04-16,HOU,3,AWAY,OAK,4,L,11038
2013-04-17,HOU,5,AWAY,OAK,7,L,15488
2013-04-19,HOU,3,HOME,CLE,2,W,17241
2013-04-20,HOU,6,HOME,CLE,19,L,19904
2013-04-21,HOU,4,HOME,CLE,5,L,22005
2013-04-22,HOU,1,HOME,SEA,7,L,23201
2013-04-23,HOU,3,HOME,SEA,2,W,13929
2013-04-24,HOU,10,HOME,SEA,3,W,11686
2013-04-25,HOU,2,AWAY,BOS,7,L,30093
2013-04-26,HOU,3,AWAY,BOS,7,L,29312
2013-04-27,HOU,4,AWAY,BOS,8,L,34726
2013-04-28,HOU,1,AWAY,BOS,6,L,36527
2013-04-29,HOU,9,AWAY,NYY,1,W,34262
2013-04-30,HOU,4,AWAY,NYY,7,L,34301
2013-05-01,HOU,4,AWAY,NYY,5,L,34117
2013-05-02,HOU,3,HOME,DET,7,L,16624
2013-05-03,HOU,3,HOME,DET,4,L,16719
2013-05-04,HOU,2,HOME,DET,17,L,21266
2013-05-05,HOU,0,HOME,DET,9,L,23228
2013-05-07,HOU,7,HOME,LAA,6,W,15266
2013-05-08,HOU,3,HOME,LAA,1,W,12906
2013-05-09,HOU,5,HOME,LAA,6,L,13003
2013-05-10,HOU,2,HOME,TEX,4,L,20293
2013-05-11,HOU,7,HOME,TEX,8,L,27188
2013-05-12,HOU,7,HOME,TEX,12,L,19730
2013-05-13,HOU,2,AWAY,DET,7,L,31161
2013-05-14,HOU,2,AWAY,DET,6,L,34542
2013-05-15,HOU,7,AWAY,DET,5,W,40315
2013-05-17,HOU,4,AWAY,PIT,5,L,29743
2013-05-18,HOU,4,AWAY,PIT,2,W,32925
2013-05-19,HOU,0,AWAY,PIT,1,L,28471
2013-05-20,HOU,6,HOME,KCR,5,W,12989
2013-05-21,HOU,3,HOME,KCR,7,L,12302
2013-05-22,HOU,3,HOME,KCR,1,W,12324
2013-05-24,HOU,5,HOME,OAK,6,L,15907
2013-05-25,HOU,5,HOME,OAK,11,L,18591
2013-05-26,HOU,2,HOME,OAK,6,L,19366
2013-05-27,HOU,3,HOME,COL,2,W,16044
2013-05-28,HOU,1,HOME,COL,2,L,11974
2013-05-29,HOU,6,AWAY,COL,3,W,26881
2013-05-30,HOU,7,AWAY,COL,5,W,26239
2013-05-31,HOU,6,AWAY,LAA,3,W,34401
2013-06-01,HOU,2,AWAY,LAA,0,W,40087
2013-06-02,HOU,5,AWAY,LAA,4,W,35515
2013-06-03,HOU,2,AWAY,LAA,1,W,30010
2013-06-04,HOU,1,HOME,BAL,4,L,15920
2013-06-05,HOU,11,HOME,BAL,7,W,15526
2013-06-06,HOU,1,HOME,BAL,3,L,14664
2013-06-07,HOU,2,AWAY,KCR,4,L,24808
2013-06-08,HOU,2,AWAY,KCR,7,L,28055
2013-06-09,HOU,0,AWAY,KCR,2,L,20723
2013-06-10,HOU,2,AWAY,SEA,3,L,12817
2013-06-11,HOU,0,AWAY,SEA,4,L,10267
2013-06-12,HOU,6,AWAY,SEA,1,W,13823
2013-06-14,HOU,2,HOME,CHW,1,W,20496
2013-06-15,HOU,4,HOME,CHW,3,W,21549
2013-06-16,HOU,5,HOME,CHW,4,W,25829
2013-06-17,HOU,2,HOME,CHW,4,L,13870
2013-06-18,HOU,10,HOME,MIL,1,W,13330
2013-06-19,HOU,1,HOME,MIL,3,L,15866
2013-06-20,HOU,7,HOME,MIL,4,W,17803
2013-06-21,HOU,1,AWAY,CHC,3,L,33119
2013-06-22,HOU,4,AWAY,CHC,3,W,38870
2013-06-23,HOU,6,AWAY,CHC,14,L,35121
2013-06-25,HOU,5,HOME,STL,13,L,19271
2013-06-26,HOU,4,HOME,STL,3,W,17428
2013-06-28,HOU,2,HOME,LAA,4,L,20498
2013-06-29,HOU,2,HOME,LAA,7,L,26650
2013-06-30,HOU,1,HOME,LAA,3,L,22361
2013-07-01,HOU,0,HOME,TBR,12,L,12722
2013-07-02,HOU,0,HOME,TBR,8,L,19631
2013-07-03,HOU,4,HOME,TBR,1,W,14143
2013-07-04,HOU,5,HOME,TBR,7,L,20470
2013-07-05,HOU,5,AWAY,TEX,10,L,44232
2013-07-06,HOU,9,AWAY,TEX,5,W,44272
2013-07-07,HOU,4,AWAY,TEX,5,L,36746
2013-07-09,HOU,5,AWAY,STL,9,L,43836
2013-07-10,HOU,4,AWAY,STL,5,L,44313
2013-07-12,HOU,2,AWAY,TBR,1,W,13347
2013-07-13,HOU,3,AWAY,TBR,4,L,20409
2013-07-14,HOU,0,AWAY,TBR,5,L,21180
2013-07-19,HOU,7,HOME,SEA,10,L,24635
2013-07-20,HOU,2,HOME,SEA,4,L,25733
2013-07-21,HOU,5,HOME,SEA,12,L,38838
2013-07-22,HOU,3,HOME,OAK,4,L,16381
2013-07-23,HOU,5,HOME,OAK,4,W,32249
2013-07-24,HOU,3,HOME,OAK,4,L,24831
2013-07-25,HOU,0,AWAY,TOR,4,L,24188
2013-07-26,HOU,6,AWAY,TOR,12,L,24088
2013-07-27,HOU,8,AWAY,TOR,6,W,34317
2013-07-28,HOU,1,AWAY,TOR,2,L,31634
2013-07-30,HOU,3,AWAY,BAL,4,L,24904
2013-07-31,HOU,11,AWAY,BAL,0,W,25265
2013-08-01,HOU,3,AWAY,BAL,6,L,17909
2013-08-02,HOU,3,AWAY,MIN,4,L,30633
2013-08-03,HOU,4,AWAY,MIN,6,L,38078
2013-08-04,HOU,2,AWAY,MIN,3,L,34780
2013-08-05,HOU,2,HOME,BOS,0,W,24543
2013-08-06,HOU,10,HOME,BOS,15,L,21620
2013-08-07,HOU,5,HOME,BOS,7,L,22205
2013-08-09,HOU,5,HOME,TEX,9,L,23673
2013-08-10,HOU,4,HOME,TEX,5,L,33322
2013-08-11,HOU,1,HOME,TEX,6,L,22922
2013-08-12,HOU,1,HOME,TEX,2,L,18712
2013-08-13,HOU,5,AWAY,OAK,4,W,14261
2013-08-14,HOU,2,AWAY,OAK,1,W,18278
2013-08-15,HOU,0,AWAY,OAK,5,L,16487
2013-08-16,HOU,8,AWAY,LAA,2,W,39074
2013-08-17,HOU,5,AWAY,LAA,6,L,40246
2013-08-18,HOU,7,AWAY,LAA,5,W,36896
2013-08-19,HOU,5,AWAY,TEX,16,L,32113
2013-08-20,HOU,2,AWAY,TEX,4,L,39009
2013-08-21,HOU,4,AWAY,TEX,5,L,38699
2013-08-23,HOU,12,HOME,TOR,4,W,21186
2013-08-24,HOU,8,HOME,TOR,5,W,26312
2013-08-25,HOU,1,HOME,TOR,2,L,21407
2013-08-26,HOU,10,AWAY,CHW,8,W,13404
2013-08-27,HOU,3,AWAY,CHW,4,L,15491
2013-08-28,HOU,1,AWAY,CHW,6,L,15961
2013-08-29,HOU,2,HOME,SEA,3,L,22203
2013-08-30,HOU,1,HOME,SEA,7,L,13869
2013-08-31,HOU,1,HOME,SEA,3,L,21085
2013-09-01,HOU,2,HOME,SEA,0,W,17203
2013-09-02,HOU,6,HOME,MIN,10,L,14287
2013-09-03,HOU,6,HOME,MIN,9,L,13500
2013-09-04,HOU,6,HOME,MIN,5,W,14869
2013-09-05,HOU,3,AWAY,OAK,2,W,11569
2013-09-06,HOU,5,AWAY,OAK,7,L,15502
2013-09-07,HOU,1,AWAY,OAK,2,L,20340
2013-09-08,HOU,2,AWAY,OAK,7,L,18824
2013-09-09,HOU,6,AWAY,SEA,4,W,9808
2013-09-10,HOU,13,AWAY,SEA,2,W,10245
2013-09-11,HOU,6,AWAY,SEA,1,W,11656
2013-09-13,HOU,9,HOME,LAA,7,W,19742
2013-09-14,HOU,2,HOME,LAA,6,L,21903
2013-09-15,HOU,1,HOME,LAA,2,L,21374
2013-09-16,HOU,1,HOME,CIN,6,L,15449
2013-09-17,HOU,0,HOME,CIN,10,L,25582
2013-09-18,HOU,5,HOME,CIN,6,L,29701
2013-09-19,HOU,1,AWAY,CLE,2,L,12607
2013-09-20,HOU,1,AWAY,CLE,2,L,17310
2013-09-21,HOU,1,AWAY,CLE,4,L,26611
2013-09-22,HOU,2,AWAY,CLE,9,L,26168
2013-09-23,HOU,0,AWAY,TEX,12,L,33743
2013-09-24,HOU,2,AWAY,TEX,3,L,42267
2013-09-25,HOU,3,AWAY,TEX,7,L,43207
2013-09-27,HOU,2,HOME,NYY,3,L,29486
2013-09-28,HOU,1,HOME,NYY,2,L,37199
2013-09-29,HOU,1,HOME,NYY,5,L,40542
2014-04-01,HOU,6,HOME,NYY,2,W,42117
2014-04-02,HOU,3,HOME,NYY,1,W,23145
2014-04-03,HOU,2,HOME,NYY,4,L,26348
2014-04-04,HOU,1,HOME,LAA,11,L,15611
2014-04-05,HOU,1,HOME,LAA,5,L,28515
2014-04-06,HOU,7,HOME,LAA,4,W,14786
2014-04-07,HOU,1,HOME,LAA,9,L,17936
2014-04-08,HOU,2,AWAY,TOR,5,L,13123
2014-04-09,HOU,3,AWAY,TOR,7,L,13569
2014-04-10,HOU,6,AWAY,TOR,4,W,15778
2014-04-11,HOU,0,AWAY,TEX,1,L,36150
2014-04-12,HOU,6,AWAY,TEX,5,W,42577
2014-04-13,HOU,0,AWAY,TEX,1,L,38698
2014-04-15,HOU,2,HOME,KCR,4,L,29778
2014-04-16,HOU,4,HOME,KCR,6,L,23043
2014-04-17,HOU,1,HOME,KCR,5,L,26333
2014-04-18,HOU,3,AWAY,OAK,11,L,18234
2014-04-19,HOU,3,AWAY,OAK,4,L,33166
2014-04-20,HOU,1,AWAY,OAK,4,L,16382
2014-04-21,HOU,7,AWAY,SEA,2,W,14630
2014-04-22,HOU,5,AWAY,SEA,2,W,10466
2014-04-23,HOU,3,AWAY,SEA,5,L,13739
2014-04-24,HOU,1,HOME,OAK,10,L,19987
2014-04-25,HOU,5,HOME,OAK,12,L,17708
2014-04-26,HOU,7,HOME,OAK,6,W,17850
2014-04-27,HOU,5,HOME,OAK,1,W,18935
2014-04-29,HOU,3,HOME,WSN,4,L,23394
2014-04-30,HOU,0,HOME,WSN,7,L,25172
2014-05-02,HOU,5,HOME,SEA,4,W,15771
2014-05-03,HOU,8,HOME,SEA,9,L,15798
2014-05-04,HOU,7,HOME,SEA,8,L,24996
2014-05-05,HOU,0,AWAY,DET,2,L,26475
2014-05-06,HOU,4,AWAY,DET,11,L,27939
2014-05-07,HOU,2,AWAY,DET,3,L,26207
2014-05-08,HOU,6,AWAY,DET,2,W,35643
2014-05-09,HOU,3,AWAY,BAL,4,L,28875
2014-05-10,HOU,4,AWAY,BAL,5,L,26264
2014-05-11,HOU,5,AWAY,BAL,2,W,45944
2014-05-12,HOU,0,HOME,TEX,4,L,14617
2014-05-13,HOU,8,HOME,TEX,0,W,14028
2014-05-14,HOU,5,HOME,TEX,4,W,17783
2014-05-16,HOU,2,HOME,CHW,7,L,17529
2014-05-17,HOU,6,HOME,CHW,5,W,20612
2014-05-18,HOU,8,HOME,CHW,2,W,21532
2014-05-19,HOU,5,AWAY,LAA,2,W,33150
2014-05-20,HOU,3,AWAY,LAA,9,L,30150
2014-05-21,HOU,1,AWAY,LAA,2,L,40112
2014-05-22,HOU,1,AWAY,SEA,3,L,13836
2014-05-23,HOU,1,AWAY,SEA,6,L,21192
2014-05-24,HOU,9,AWAY,SEA,4,W,21585
2014-05-25,HOU,4,AWAY,SEA,1,W,26839
2014-05-26,HOU,9,AWAY,KCR,2,W,32070
2014-05-27,HOU,3,AWAY,KCR,0,W,17826
2014-05-28,HOU,9,AWAY,KCR,3,W,16220
2014-05-29,HOU,3,HOME,BAL,1,W,22884
2014-05-30,HOU,2,HOME,BAL,1,W,38482
2014-05-31,HOU,1,HOME,BAL,4,L,29619
2014-06-01,HOU,4,HOME,BAL,9,L,17022
2014-06-03,HOU,7,HOME,LAA,2,W,23219
2014-06-04,HOU,0,HOME,LAA,4,L,23902
2014-06-05,HOU,8,HOME,LAA,5,W,24672
2014-06-06,HOU,5,AWAY,MIN,4,W,29448
2014-06-07,HOU,0,AWAY,MIN,8,L,27732
2014-06-08,HOU,14,AWAY,MIN,5,W,31576
2014-06-09,HOU,4,AWAY,ARI,3,W,18805
2014-06-10,HOU,1,AWAY,ARI,4,L,17667
2014-06-11,HOU,5,HOME,ARI,1,W,24319
2014-06-12,HOU,5,HOME,ARI,4,W,33457
2014-06-13,HOU,1,HOME,TBR,6,L,26829
2014-06-14,HOU,7,HOME,TBR,3,W,26264
2014-06-15,HOU,3,HOME,TBR,4,L,25526
2014-06-17,HOU,5,AWAY,WSN,6,L,29960
2014-06-18,HOU,5,AWAY,WSN,6,L,25453
2014-06-19,HOU,0,AWAY,TBR,5,L,10880
2014-06-20,HOU,3,AWAY,TBR,1,W,13961
2014-06-21,HOU,0,AWAY,TBR,8,L,17551
2014-06-22,HOU,2,AWAY,TBR,5,L,13841
2014-06-24,HOU,2,HOME,ATL,3,L,18912
2014-06-25,HOU,0,HOME,ATL,4,L,20559
2014-06-26,HOU,6,HOME,ATL,1,W,24474
2014-06-27,HOU,4,HOME,DET,3,W,22386
2014-06-28,HOU,3,HOME,DET,4,L,25788
2014-06-29,HOU,6,HOME,DET,4,W,22478
2014-06-30,HOU,4,HOME,SEA,10,L,17340
2014-07-01,HOU,2,HOME,SEA,13,L,17504
2014-07-02,HOU,2,HOME,SEA,5,L,17209
2014-07-03,HOU,2,AWAY,LAA,5,L,37625
2014-07-04,HOU,6,AWAY,LAA,7,L,43557
2014-07-05,HOU,5,AWAY,LAA,11,L,40479
2014-07-06,HOU,1,AWAY,LAA,6,L,33552
2014-07-07,HOU,12,AWAY,TEX,7,W,31010
2014-07-08,HOU,8,AWAY,TEX,3,W,32608
2014-07-09,HOU,8,AWAY,TEX,4,W,31161
2014-07-11,HOU,3,HOME,BOS,8,L,27264
2014-07-12,HOU,3,HOME,BOS,2,W,26322
2014-07-13,HOU,0,HOME,BOS,11,L,20681
2014-07-18,HOU,2,AWAY,CHW,3,L,28777
2014-07-19,HOU,3,AWAY,CHW,4,L,28210
2014-07-20,HOU,11,AWAY,CHW,7,W,26256
2014-07-22,HOU,3,AWAY,OAK,2,W,22908
2014-07-23,HOU,7,AWAY,OAK,9,L,28310
2014-07-24,HOU,1,AWAY,OAK,13,L,22759
2014-07-25,HOU,0,HOME,MIA,2,L,23132
2014-07-26,HOU,3,HOME,MIA,7,L,28968
2014-07-27,HOU,2,HOME,MIA,4,L,17858
2014-07-28,HOU,7,HOME,OAK,3,W,18259
2014-07-29,HOU,4,HOME,OAK,7,L,16940
2014-07-30,HOU,8,HOME,OAK,1,W,17637
2014-07-31,HOU,5,HOME,TOR,6,L,17423
2014-08-01,HOU,3,HOME,TOR,1,W,19576
2014-08-02,HOU,8,HOME,TOR,2,W,19946
2014-08-03,HOU,6,HOME,TOR,1,W,19932
2014-08-05,HOU,1,AWAY,PHI,2,L,28336
2014-08-06,HOU,3,AWAY,PHI,10,L,26691
2014-08-07,HOU,5,AWAY,PHI,6,L,26609
2014-08-08,HOU,4,HOME,TEX,3,W,24256
2014-08-09,HOU,8,HOME,TEX,3,W,24019
2014-08-10,HOU,2,HOME,TEX,6,L,19239
2014-08-11,HOU,2,HOME,MIN,4,L,15569
2014-08-12,HOU,10,HOME,MIN,4,W,17490
2014-08-13,HOU,1,HOME,MIN,3,L,16480
2014-08-14,HOU,4,AWAY,BOS,9,L,38065
2014-08-15,HOU,5,AWAY,BOS,3,W,37016
2014-08-16,HOU,7,AWAY,BOS,10,L,37652
2014-08-17,HOU,8,AWAY,BOS,1,W,36717
2014-08-19,HOU,7,AWAY,NYY,4,W,40015
2014-08-20,HOU,5,AWAY,NYY,2,W,42102
2014-08-21,HOU,0,AWAY,NYY,3,L,41767
2014-08-22,HOU,5,AWAY,CLE,1,W,18743
2014-08-23,HOU,2,AWAY,CLE,3,L,20785
2014-08-24,HOU,1,AWAY,CLE,3,L,17123
2014-08-25,HOU,2,HOME,OAK,8,L,14094
2014-08-26,HOU,4,HOME,OAK,2,W,17345
2014-08-27,HOU,4,HOME,OAK,5,L,14791
2014-08-28,HOU,4,HOME,TEX,2,W,16399
2014-08-29,HOU,6,HOME,TEX,13,L,18931
2014-08-30,HOU,2,HOME,TEX,0,W,24771
2014-08-31,HOU,3,HOME,TEX,2,W,19024
2014-09-02,HOU,8,HOME,LAA,3,W,16131
2014-09-03,HOU,4,HOME,LAA,1,W,16949
2014-09-05,HOU,4,AWAY,OAK,3,W,21130
2014-09-06,HOU,3,AWAY,OAK,4,L,28668
2014-09-07,HOU,4,AWAY,OAK,3,W,25533
2014-09-08,HOU,1,AWAY,SEA,4,L,15617
2014-09-09,HOU,2,AWAY,SEA,1,W,11345
2014-09-10,HOU,5,AWAY,SEA,2,W,16931
2014-09-12,HOU,3,AWAY,LAA,11,L,33339
2014-09-13,HOU,2,AWAY,LAA,5,L,38041
2014-09-14,HOU,6,AWAY,LAA,1,W,35364
2014-09-15,HOU,3,HOME,CLE,1,W,17403
2014-09-16,HOU,2,HOME,CLE,4,L,18381
2014-09-17,HOU,0,HOME,CLE,2,L,18474
2014-09-18,HOU,1,HOME,CLE,2,L,16417
2014-09-19,HOU,5,HOME,SEA,10,L,27568
2014-09-20,HOU,10,HOME,SEA,1,W,36525
2014-09-21,HOU,8,HOME,SEA,3,W,31466
2014-09-22,HOU,3,AWAY,TEX,4,L,28717
2014-09-23,HOU,1,AWAY,TEX,2,L,29794
2014-09-24,HOU,1,AWAY,TEX,5,L,28003
2014-09-26,HOU,3,AWAY,NYM,1,W,27729
2014-09-27,HOU,1,AWAY,NYM,2,L,34886
2014-09-28,HOU,3,AWAY,NYM,8,L,34897
2015-04-06,HOU,2,HOME,CLE,0,W,43753
2015-04-08,HOU,0,HOME,CLE,2,L,23078
2015-04-09,HOU,1,HOME,CLE,5,L,22593
2015-04-10,HOU,5,AWAY,TEX,1,W,48885
2015-04-11,HOU,2,AWAY,TEX,6,L,36833
2015-04-12,HOU,6,AWAY,TEX,4,W,35276
2015-04-13,HOU,1,HOME,OAK,8,L,19279
2015-04-14,HOU,0,HOME,OAK,4,L,18935
2015-04-15,HOU,6,HOME,OAK,1,W,19777
2015-04-17,HOU,3,HOME,LAA,6,L,22660
2015-04-18,HOU,4,HOME,LAA,0,W,28209
2015-04-19,HOU,4,HOME,LAA,3,W,24254
2015-04-20,HOU,7,AWAY,SEA,5,W,15129
2015-04-21,HOU,6,AWAY,SEA,3,W,13949
2015-04-22,HOU,2,AWAY,SEA,3,L,14756
2015-04-24,HOU,5,AWAY,OAK,4,W,18205
2015-04-25,HOU,9,AWAY,OAK,3,W,24342
2015-04-26,HOU,7,AWAY,OAK,6,W,22080
2015-04-27,HOU,9,AWAY,SDP,4,W,19532
2015-04-28,HOU,14,AWAY,SDP,3,W,22796
2015-04-29,HOU,7,AWAY,SDP,2,W,21824
2015-04-30,HOU,3,HOME,SEA,2,W,19108
2015-05-01,HOU,4,HOME,SEA,3,W,21834
2015-05-02,HOU,11,HOME,SEA,4,W,24435
2015-05-03,HOU,7,HOME,SEA,6,W,25283
2015-05-04,HOU,1,HOME,TEX,2,L,17597
2015-05-05,HOU,1,HOME,TEX,7,L,20951
2015-05-06,HOU,3,HOME,TEX,11,L,22230
2015-05-07,HOU,3,AWAY,LAA,2,W,25097
2015-05-08,HOU,0,AWAY,LAA,2,L,40006
2015-05-09,HOU,6,AWAY,LAA,5,W,40210
2015-05-10,HOU,1,AWAY,LAA,3,L,30929
2015-05-12,HOU,1,HOME,SFG,8,L,20468
2015-05-13,HOU,4,HOME,SFG,3,W,20725
2015-05-14,HOU,6,HOME,TOR,4,W,15777
2015-05-15,HOU,8,HOME,TOR,4,W,21653
2015-05-16,HOU,6,HOME,TOR,5,W,27102
2015-05-17,HOU,4,HOME,TOR,2,W,25307
2015-05-18,HOU,1,HOME,OAK,2,L,21724
2015-05-19,HOU,6,HOME,OAK,4,W,17575
2015-05-20,HOU,6,HOME,OAK,1,W,21066
2015-05-21,HOU,5,AWAY,DET,6,L,33193
2015-05-22,HOU,2,AWAY,DET,6,L,37276
2015-05-23,HOU,3,AWAY,DET,2,W,40153
2015-05-24,HOU,10,AWAY,DET,8,W,36449
2015-05-25,HOU,3,AWAY,BAL,4,L,28909
2015-05-26,HOU,4,AWAY,BAL,1,W,21541
2015-05-27,HOU,4,AWAY,BAL,5,L,16401
2015-05-29,HOU,3,HOME,CHW,6,L,25957
2015-05-30,HOU,3,HOME,CHW,0,W,29720
2015-05-31,HOU,0,HOME,CHW,6,L,27423
2015-06-01,HOU,5,HOME,BAL,2,W,17259
2015-06-02,HOU,6,HOME,BAL,4,W,18730
2015-06-03,HOU,3,HOME,BAL,1,W,20305
2015-06-04,HOU,2,HOME,BAL,3,L,20219
2015-06-05,HOU,2,AWAY,TOR,6,L,22971
2015-06-06,HOU,2,AWAY,TOR,7,L,31809
2015-06-07,HOU,6,AWAY,TOR,7,L,35571
2015-06-08,HOU,1,AWAY,CHW,3,L,17352
2015-06-09,HOU,2,AWAY,CHW,4,L,18439
2015-06-10,HOU,1,AWAY,CHW,4,L,17455
2015-06-12,HOU,10,HOME,SEA,0,W,32173
2015-06-13,HOU,1,HOME,SEA,8,L,36762
2015-06-14,HOU,13,HOME,SEA,0,W,29153
2015-06-15,HOU,6,HOME,COL,3,W,21820
2015-06-16,HOU,8,HOME,COL,5,W,22245
2015-06-17,HOU,8,AWAY,COL,4,W,33041
2015-06-18,HOU,8,AWAY,COL,4,W,30770
2015-06-19,HOU,2,AWAY,SEA,5,L,40914
2015-06-20,HOU,3,AWAY,SEA,6,L,26770
2015-06-21,HOU,6,AWAY,SEA,2,W,40905
2015-06-22,HOU,3,AWAY,LAA,4,L,34153
2015-06-23,HOU,13,AWAY,LAA,3,W,41208
2015-06-24,HOU,1,AWAY,LAA,2,L,33543
2015-06-25,HOU,4,HOME,NYY,0,W,28643
2015-06-26,HOU,2,HOME,NYY,3,L,37748
2015-06-27,HOU,6,HOME,NYY,9,L,41133
2015-06-28,HOU,3,HOME,NYY,1,W,31961
2015-06-29,HOU,6,HOME,KCR,1,W,20419
2015-06-30,HOU,4,HOME,KCR,0,W,24642
2015-07-01,HOU,6,HOME,KCR,5,W,25848
2015-07-03,HOU,12,AWAY,BOS,8,W,37837
2015-07-04,HOU,1,AWAY,BOS,6,L,36703
2015-07-05,HOU,4,AWAY,BOS,5,L,36481
2015-07-06,HOU,9,AWAY,CLE,4,W,13516
2015-07-07,HOU,0,AWAY,CLE,2,L,10821
2015-07-08,HOU,2,AWAY,CLE,4,L,15255
2015-07-09,HOU,1,AWAY,CLE,3,L,11496
2015-07-10,HOU,1,AWAY,TBR,3,L,17129
2015-07-11,HOU,0,AWAY,TBR,3,L,18479
2015-07-12,HOU,3,AWAY,TBR,4,L,16458
2015-07-17,HOU,3,HOME,TEX,2,W,36904
2015-07-18,HOU,6,HOME,TEX,7,L,41941
2015-07-19,HOU,10,HOME,TEX,0,W,36532
2015-07-21,HOU,8,HOME,BOS,3,W,26913
2015-07-22,HOU,4,HOME,BOS,2,W,31104
2015-07-23,HOU,5,HOME,BOS,4,W,30748
2015-07-24,HOU,4,AWAY,KCR,0,W,36965
2015-07-25,HOU,1,AWAY,KCR,2,L,38393
2015-07-26,HOU,1,AWAY,KCR,5,L,33638
2015-07-28,HOU,10,HOME,LAA,5,W,24031
2015-07-29,HOU,6,HOME,LAA,3,W,31272
2015-07-30,HOU,3,HOME,LAA,0,W,27598
2015-07-31,HOU,4,HOME,ARI,6,L,34720
2015-08-01,HOU,9,HOME,ARI,2,W,36602
2015-08-02,HOU,4,HOME,ARI,1,W,33871
2015-08-03,HOU,9,AWAY,TEX,12,L,21671
2015-08-04,HOU,3,AWAY,TEX,4,L,29953
2015-08-05,HOU,3,AWAY,TEX,4,L,31782
2015-08-06,HOU,5,AWAY,OAK,4,W,16172
2015-08-07,HOU,1,AWAY,OAK,3,L,18908
2015-08-08,HOU,1,AWAY,OAK,2,L,25091
2015-08-09,HOU,4,AWAY,OAK,5,L,20278
2015-08-11,HOU,1,AWAY,SFG,3,L,42569
2015-08-12,HOU,2,AWAY,SFG,0,W,41967
2015-08-14,HOU,5,HOME,DET,1,W,33212
2015-08-15,HOU,2,HOME,DET,4,L,29482
2015-08-16,HOU,6,HOME,DET,5,W,29969
2015-08-17,HOU,2,HOME,TBR,9,L,16256
2015-08-18,HOU,3,HOME,TBR,2,W,17749
2015-08-19,HOU,3,HOME,TBR,2,W,26001
2015-08-20,HOU,0,HOME,TBR,1,L,18177
2015-08-21,HOU,3,HOME,LAD,0,W,33833
2015-08-22,HOU,3,HOME,LAD,1,W,39999
2015-08-23,HOU,3,HOME,LAD,2,W,28665
2015-08-24,HOU,0,AWAY,NYY,1,L,37125
2015-08-25,HOU,15,AWAY,NYY,1,W,38015
2015-08-26,HOU,6,AWAY,NYY,2,W,37259
2015-08-28,HOU,0,AWAY,MIN,3,L,28636
2015-08-29,HOU,4,AWAY,MIN,1,W,38876
2015-08-30,HOU,5,AWAY,MIN,7,L,28877
2015-08-31,HOU,8,HOME,SEA,3,W,19923
2015-09-01,HOU,5,HOME,SEA,7,L,18157
2015-09-02,HOU,3,HOME,SEA,8,L,18669
2015-09-04,HOU,8,HOME,MIN,0,W,27807
2015-09-05,HOU,2,HOME,MIN,3,L,27643
2015-09-06,HOU,8,HOME,MIN,5,W,37648
2015-09-07,HOU,9,AWAY,OAK,10,L,22214
2015-09-08,HOU,0,AWAY,OAK,4,L,11364
2015-09-09,HOU,11,AWAY,OAK,5,W,13387
2015-09-11,HOU,2,AWAY,LAA,3,L,39636
2015-09-12,HOU,2,AWAY,LAA,3,L,41130
2015-09-13,HOU,5,AWAY,LAA,3,W,41550
2015-09-14,HOU,3,AWAY,TEX,5,L,27772
2015-09-15,HOU,5,AWAY,TEX,6,L,26942
2015-09-16,HOU,3,AWAY,TEX,14,L,34483
2015-09-17,HOU,2,AWAY,TEX,8,L,31122
2015-09-18,HOU,3,HOME,OAK,4,L,27567
2015-09-19,HOU,10,HOME,OAK,6,W,27044
2015-09-20,HOU,5,HOME,OAK,1,W,22453
2015-09-21,HOU,6,HOME,LAA,3,W,25318
2015-09-22,HOU,3,HOME,LAA,4,L,25671
2015-09-23,HOU,5,HOME,LAA,6,L,25573
2015-09-25,HOU,2,HOME,TEX,6,L,35180
2015-09-26,HOU,9,HOME,TEX,7,W,35736
2015-09-27,HOU,4,HOME,TEX,2,W,36084
2015-09-28,HOU,3,AWAY,SEA,2,W,13935
2015-09-29,HOU,4,AWAY,SEA,6,L,15331
2015-09-30,HOU,7,AWAY,SEA,6,W,14257
2015-10-02,HOU,21,AWAY,ARI,5,W,33218
2015-10-03,HOU,6,AWAY,ARI,2,W,37687
2015-10-04,HOU,3,AWAY,ARI,5,L,24788
2016-04-05,HOU,5,AWAY,NYY,3,W,47820
2016-04-06,HOU,6,AWAY,NYY,16,L,37493
2016-04-07,HOU,5,AWAY,NYY,8,L,30003
2016-04-08,HOU,4,AWAY,MIL,6,L,30100
2016-04-09,HOU,6,AWAY,MIL,4,W,28127
2016-04-10,HOU,2,AWAY,MIL,3,L,28441
2016-04-11,HOU,8,HOME,KCR,2,W,43332
2016-04-12,HOU,2,HOME,KCR,3,L,21027
2016-04-13,HOU,2,HOME,KCR,4,L,24109
2016-04-14,HOU,2,HOME,KCR,6,L,21203
2016-04-15,HOU,1,HOME,DET,0,W,30092
2016-04-16,HOU,3,HOME,DET,5,L,30013
2016-04-17,HOU,5,HOME,DET,4,W,30657
2016-04-19,HOU,5,AWAY,TEX,7,L,24181
2016-04-20,HOU,1,AWAY,TEX,2,L,25821
2016-04-21,HOU,4,AWAY,TEX,7,L,25886
2016-04-22,HOU,2,HOME,BOS,6,L,26672
2016-04-23,HOU,8,HOME,BOS,3,W,40232
2016-04-24,HOU,5,HOME,BOS,7,L,32416
2016-04-25,HOU,2,AWAY,SEA,3,L,14832
2016-04-26,HOU,1,AWAY,SEA,11,L,13821
2016-04-27,HOU,7,AWAY,SEA,4,W,14173
2016-04-29,HOU,4,AWAY,OAK,7,L,20159
2016-04-30,HOU,0,AWAY,OAK,2,L,23084
2016-05-01,HOU,2,AWAY,OAK,1,W,24135
2016-05-02,HOU,2,HOME,MIN,6,L,18243
2016-05-03,HOU,6,HOME,MIN,4,W,21153
2016-05-04,HOU,16,HOME,MIN,4,W,20847
2016-05-05,HOU,3,HOME,SEA,6,L,20151
2016-05-06,HOU,6,HOME,SEA,3,W,25413
2016-05-07,HOU,2,HOME,SEA,3,L,31559
2016-05-08,HOU,5,HOME,SEA,1,W,28148
2016-05-09,HOU,7,HOME,CLE,1,W,20222
2016-05-10,HOU,0,HOME,CLE,4,L,23976
2016-05-11,HOU,5,HOME,CLE,3,W,24453
2016-05-12,HOU,1,AWAY,BOS,11,L,34982
2016-05-13,HOU,7,AWAY,BOS,6,W,33148
2016-05-14,HOU,5,AWAY,BOS,6,L,37430
2016-05-15,HOU,9,AWAY,BOS,10,L,35736
2016-05-17,HOU,6,AWAY,CHW,5,W,13481
2016-05-18,HOU,5,AWAY,CHW,3,W,14936
2016-05-19,HOU,1,AWAY,CHW,2,L,20096
2016-05-20,HOU,1,HOME,TEX,2,L,28724
2016-05-21,HOU,1,HOME,TEX,2,L,35040
2016-05-22,HOU,2,HOME,TEX,9,L,35035
2016-05-24,HOU,3,HOME,BAL,2,W,24783
2016-05-25,HOU,4,HOME,BAL,3,W,25618
2016-05-26,HOU,4,HOME,BAL,2,W,23826
2016-05-27,HOU,2,AWAY,LAA,7,L,39047
2016-05-28,HOU,4,AWAY,LAA,2,W,38176
2016-05-29,HOU,8,AWAY,LAA,6,W,36538
2016-05-30,HOU,8,AWAY,ARI,3,W,24798
2016-05-31,HOU,8,AWAY,ARI,5,W,15556
2016-06-01,HOU,5,HOME,ARI,4,W,22642
2016-06-02,HOU,0,HOME,ARI,3,L,21764
2016-06-03,HOU,12,HOME,OAK,2,W,26458
2016-06-04,HOU,6,HOME,OAK,5,W,37223
2016-06-05,HOU,5,HOME,OAK,2,W,30817
2016-06-06,HOU,5,AWAY,TEX,6,L,30021
2016-06-07,HOU,3,AWAY,TEX,4,L,32189
2016-06-08,HOU,3,AWAY,TEX,1,W,37696
2016-06-09,HOU,3,AWAY,TEX,5,L,30145
2016-06-10,HOU,3,AWAY,TBR,4,L,13075
2016-06-11,HOU,4,AWAY,TBR,3,W,19658
2016-06-12,HOU,0,AWAY,TBR,5,L,11168
2016-06-14,HOU,5,AWAY,STL,2,W,42525
2016-06-15,HOU,4,AWAY,STL,1,W,42008
2016-06-17,HOU,2,HOME,CIN,4,L,37560
2016-06-18,HOU,5,HOME,CIN,4,W,39111
2016-06-19,HOU,6,HOME,CIN,0,W,36369
2016-06-20,HOU,10,HOME,LAA,7,W,22553
2016-06-21,HOU,3,HOME,LAA,2,W,25004
2016-06-22,HOU,3,HOME,LAA,2,W,29649
2016-06-24,HOU,13,AWAY,KCR,4,W,36195
2016-06-25,HOU,13,AWAY,KCR,5,W,38880
2016-06-26,HOU,1,AWAY,KCR,6,L,36450
2016-06-27,HOU,4,AWAY,LAA,2,W,36839
2016-06-28,HOU,7,AWAY,LAA,1,W,38781
2016-06-29,HOU,10,AWAY,LAA,4,W,36683
2016-07-01,HOU,5,HOME,CHW,0,W,31965
2016-07-02,HOU,6,HOME,CHW,7,L,35116
2016-07-03,HOU,1,HOME,CHW,4,L,30379
2016-07-04,HOU,2,HOME,SEA,1,W,29844
2016-07-05,HOU,5,HOME,SEA,2,W,21553
2016-07-06,HOU,9,HOME,SEA,8,W,25709
2016-07-07,HOU,1,HOME,OAK,3,L,20933
2016-07-08,HOU,10,HOME,OAK,9,W,31438
2016-07-09,HOU,2,HOME,OAK,3,L,35312
2016-07-10,HOU,2,HOME,OAK,1,W,28119
2016-07-15,HOU,7,AWAY,SEA,3,W,29217
2016-07-16,HOU,0,AWAY,SEA,1,L,41386
2016-07-17,HOU,8,AWAY,SEA,1,W,27322
2016-07-18,HOU,4,AWAY,OAK,7,L,10651
2016-07-19,HOU,3,AWAY,OAK,4,L,15143
2016-07-20,HOU,7,AWAY,OAK,0,W,20231
2016-07-22,HOU,2,HOME,LAA,1,W,36453
2016-07-23,HOU,7,HOME,LAA,2,W,35119
2016-07-24,HOU,13,HOME,LAA,3,W,32721
2016-07-25,HOU,1,HOME,NYY,2,L,30628
2016-07-26,HOU,3,HOME,NYY,6,L,28134
2016-07-27,HOU,4,HOME,NYY,1,W,35186
2016-07-29,HOU,6,AWAY,DET,14,L,31771
2016-07-30,HOU,2,AWAY,DET,3,L,34673
2016-07-31,HOU,0,AWAY,DET,11,L,31043
2016-08-01,HOU,2,HOME,TOR,1,W,20623
2016-08-02,HOU,1,HOME,TOR,2,L,24399
2016-08-03,HOU,1,HOME,TOR,3,L,29399
2016-08-04,HOU,1,HOME,TOR,4,L,23190
2016-08-05,HOU,5,HOME,TEX,0,W,32820
2016-08-06,HOU,2,HOME,TEX,3,L,42272
2016-08-07,HOU,3,HOME,TEX,5,L,33909
2016-08-08,HOU,1,AWAY,MIN,3,L,20978
2016-08-09,HOU,7,AWAY,MIN,5,W,22261
2016-08-11,HOU,15,AWAY,MIN,7,W,25960
2016-08-11,HOU,10,AWAY,MIN,2,W,24935
2016-08-12,HOU,5,AWAY,TOR,3,W,46330
2016-08-13,HOU,2,AWAY,TOR,4,L,47505
2016-08-14,HOU,2,AWAY,TOR,9,L,47261
2016-08-16,HOU,5,HOME,STL,8,L,30438
2016-08-17,HOU,2,HOME,STL,8,L,27508
2016-08-18,HOU,5,AWAY,BAL,13,L,20288
2016-08-19,HOU,15,AWAY,BAL,8,W,34422
2016-08-20,HOU,12,AWAY,BAL,2,W,39373
2016-08-21,HOU,5,AWAY,BAL,3,W,29734
2016-08-22,HOU,3,AWAY,PIT,1,W,24017
2016-08-23,HOU,1,AWAY,PIT,7,L,28760
2016-08-24,HOU,5,AWAY,PIT,4,W,23717
2016-08-26,HOU,5,HOME,TBR,4,W,25852
2016-08-27,HOU,6,HOME,TBR,2,W,36544
2016-08-28,HOU,4,HOME,TBR,10,L,37484
2016-08-29,HOU,6,HOME,OAK,0,W,18613
2016-08-30,HOU,3,HOME,OAK,1,W,23114
2016-08-31,HOU,4,HOME,OAK,3,W,20033
2016-09-02,HOU,8,AWAY,TEX,10,L,35102
2016-09-03,HOU,4,AWAY,TEX,12,L,35538
2016-09-04,HOU,7,AWAY,TEX,6,W,46025
2016-09-05,HOU,6,AWAY,CLE,2,W,13062
2016-09-06,HOU,4,AWAY,CLE,3,W,11023
2016-09-07,HOU,5,AWAY,CLE,6,L,12063
2016-09-08,HOU,7,AWAY,CLE,10,L,15275
2016-09-09,HOU,0,HOME,CHC,2,L,33841
2016-09-10,HOU,2,HOME,CHC,1,W,41854
2016-09-11,HOU,5,HOME,CHC,9,L,31939
2016-09-12,HOU,3,HOME,TEX,4,L,22147
2016-09-13,HOU,2,HOME,TEX,3,L,22133
2016-09-14,HOU,8,HOME,TEX,4,W,25041
2016-09-16,HOU,6,AWAY,SEA,0,W,30178
2016-09-17,HOU,2,AWAY,SEA,1,W,32304
2016-09-18,HOU,3,AWAY,SEA,7,L,25383
2016-09-19,HOU,4,AWAY,OAK,2,W,10072
2016-09-20,HOU,2,AWAY,OAK,1,W,12139
2016-09-21,HOU,6,AWAY,OAK,5,W,11197
2016-09-22,HOU,0,HOME,LAA,2,L,20022
2016-09-23,HOU,6,HOME,LAA,10,L,29429
2016-09-24,HOU,4,HOME,LAA,10,L,27565
2016-09-25,HOU,4,HOME,LAA,1,W,32958
2016-09-26,HOU,3,HOME,SEA,4,L,24107
2016-09-27,HOU,8,HOME,SEA,4,W,23499
2016-09-28,HOU,4,HOME,SEA,12,L,21187
2016-09-30,HOU,1,AWAY,LAA,7,L,30112
2016-10-01,HOU,3,AWAY,LAA,0,W,32487
2016-10-02,HOU,1,AWAY,LAA,8,L,28083
2017-04-03,HOU,3,HOME,SEA,0,W,41678.0
2017-04-04,HOU,2,HOME,SEA,1,W,21406.0
2017-04-05,HOU,5,HOME,SEA,3,W,20303.0
2017-04-06,HOU,2,HOME,SEA,4,L,18362.0
2017-04-07,HOU,1,HOME,KCR,5,L,30491.0
2017-04-08,HOU,3,HOME,KCR,7,L,35373.0
2017-04-09,HOU,5,HOME,KCR,4,W,32411.0
2017-04-10,HOU,0,AWAY,SEA,6,L,44856.0
2017-04-11,HOU,7,AWAY,SEA,5,W,18527.0
2017-04-12,HOU,10,AWAY,SEA,5,W,14479.0
2017-04-14,HOU,7,AWAY,OAK,2,W,15385.0
2017-04-15,HOU,10,AWAY,OAK,6,W,20140.0
2017-04-17,HOU,3,HOME,LAA,0,W,23501.0
2017-04-18,HOU,2,HOME,LAA,5,L,21760.0
2017-04-19,HOU,5,HOME,LAA,1,W,24028.0
2017-04-20,HOU,2,HOME,LAA,1,W,23173.0
2017-04-21,HOU,6,AWAY,TBR,3,W,17683.0
2017-04-22,HOU,3,AWAY,TBR,6,L,17008.0
2017-04-23,HOU,6,AWAY,TBR,4,W,15548.0
2017-04-25,HOU,4,AWAY,CLE,2,W,14581.0
2017-04-26,HOU,6,AWAY,CLE,7,L,16052.0
2017-04-27,HOU,3,AWAY,CLE,4,L,14452.0
2017-04-28,HOU,9,HOME,OAK,4,W,28472.0
2017-04-29,HOU,1,HOME,OAK,2,L,32147.0
2017-04-30,HOU,7,HOME,OAK,2,W,34880.0
2017-05-01,HOU,6,HOME,TEX,2,W,22556.0
2017-05-02,HOU,8,HOME,TEX,7,W,26208.0
2017-05-03,HOU,10,HOME,TEX,1,W,27439.0
2017-05-04,HOU,4,HOME,TEX,10,L,27391.0
2017-05-05,HOU,7,AWAY,LAA,6,W,34556.0
2017-05-06,HOU,1,AWAY,LAA,2,L,41097.0
2017-05-07,HOU,5,AWAY,LAA,3,W,38385.0
2017-05-09,HOU,8,HOME,ATL,3,W,28724.0
2017-05-10,HOU,4,HOME,ATL,2,W,23676.0
2017-05-11,HOU,3,AWAY,NYY,2,W,39050.0
2017-05-12,HOU,5,AWAY,NYY,1,W,41150.0
2017-05-14,HOU,6,AWAY,NYY,11,L,47883.0
2017-05-14,HOU,10,AWAY,NYY,7,W,47883.0
2017-05-15,HOU,7,AWAY,MIA,2,W,16448.0
2017-05-16,HOU,12,AWAY,MIA,2,W,18056.0
2017-05-17,HOU,3,AWAY,MIA,0,W,24699.0
2017-05-19,HOU,3,HOME,CLE,5,L,36446.0
2017-05-20,HOU,0,HOME,CLE,3,L,34698.0
2017-05-21,HOU,6,HOME,CLE,8,L,33476.0
2017-05-22,HOU,1,HOME,DET,0,W,22146.0
2017-05-23,HOU,6,HOME,DET,2,W,23179.0
2017-05-24,HOU,3,HOME,DET,6,L,26481.0
2017-05-25,HOU,7,HOME,DET,6,W,25046.0
2017-05-26,HOU,2,HOME,BAL,0,W,31380.0
2017-05-27,HOU,5,HOME,BAL,2,W,32761.0
2017-05-28,HOU,8,HOME,BAL,4,W,34720.0
2017-05-29,HOU,16,AWAY,MIN,8,W,24472.0
2017-05-30,HOU,7,AWAY,MIN,2,W,22616.0
2017-05-31,HOU,17,AWAY,MIN,6,W,25593.0
2017-06-02,HOU,7,AWAY,TEX,1,W,39729.0
2017-06-03,HOU,6,AWAY,TEX,5,W,44168.0
2017-06-04,HOU,7,AWAY,TEX,2,W,39204.0
2017-06-05,HOU,7,AWAY,KCR,3,W,21892.0
2017-06-06,HOU,7,AWAY,KCR,9,L,20974.0
2017-06-07,HOU,5,AWAY,KCR,7,L,25628.0
2017-06-08,HOU,6,AWAY,KCR,1,W,32747.0
2017-06-09,HOU,4,HOME,LAA,9,L,40786.0
2017-06-10,HOU,3,HOME,LAA,1,W,41296.0
2017-06-11,HOU,6,HOME,LAA,12,L,32425.0
2017-06-12,HOU,1,HOME,TEX,6,L,25698.0
2017-06-13,HOU,2,HOME,TEX,4,L,27615.0
2017-06-14,HOU,13,HOME,TEX,2,W,37221.0
2017-06-16,HOU,1,HOME,BOS,2,L,36189.0
2017-06-17,HOU,7,HOME,BOS,1,W,41017.0
2017-06-18,HOU,5,HOME,BOS,6,L,38389.0
2017-06-19,HOU,4,AWAY,OAK,1,W,10482.0
2017-06-20,HOU,8,AWAY,OAK,4,W,15362.0
2017-06-21,HOU,5,AWAY,OAK,1,W,12277.0
2017-06-22,HOU,12,AWAY,OAK,9,W,18747.0
2017-06-23,HOU,3,AWAY,SEA,13,L,31783.0
2017-06-24,HOU,5,AWAY,SEA,2,W,29820.0
2017-06-25,HOU,8,AWAY,SEA,2,W,33010.0
2017-06-27,HOU,4,HOME,OAK,6,L,28312.0
2017-06-28,HOU,11,HOME,OAK,8,W,34075.0
2017-06-29,HOU,6,HOME,OAK,1,W,29509.0
2017-06-30,HOU,4,HOME,NYY,13,L,40024.0
2017-07-01,HOU,7,HOME,NYY,6,W,41010.0
2017-07-02,HOU,8,HOME,NYY,1,W,41761.0
2017-07-04,HOU,16,AWAY,ATL,4,W,41456.0
2017-07-05,HOU,10,AWAY,ATL,4,W,37278.0
2017-07-06,HOU,4,AWAY,TOR,7,L,40949.0
2017-07-07,HOU,12,AWAY,TOR,2,W,37332.0
2017-07-08,HOU,2,AWAY,TOR,7,L,46659.0
2017-07-09,HOU,19,AWAY,TOR,1,W,46622.0
2017-07-14,HOU,10,HOME,MIN,5,W,38006.0
2017-07-15,HOU,2,HOME,MIN,4,L,41038.0
2017-07-16,HOU,5,HOME,MIN,3,W,38253.0
2017-07-17,HOU,7,HOME,SEA,9,L,24701.0
2017-07-18,HOU,6,HOME,SEA,2,W,27111.0
2017-07-19,HOU,1,HOME,SEA,4,L,35191.0
2017-07-21,HOU,8,AWAY,BAL,7,W,25784.0
2017-07-22,HOU,8,AWAY,BAL,4,W,32524.0
2017-07-23,HOU,7,AWAY,BAL,9,L,21533.0
2017-07-24,HOU,13,AWAY,PHI,4,W,17567.0
2017-07-25,HOU,5,AWAY,PHI,0,W,17176.0
2017-07-26,HOU,0,AWAY,PHI,9,L,19718.0
2017-07-28,HOU,6,AWAY,DET,5,W,30358.0
2017-07-29,HOU,3,AWAY,DET,5,L,33766.0
2017-07-30,HOU,1,AWAY,DET,13,L,31970.0
2017-07-31,HOU,14,HOME,TBR,7,W,24154.0
2017-08-01,HOU,4,HOME,TBR,6,L,22985.0
2017-08-02,HOU,0,HOME,TBR,3,L,26722.0
2017-08-03,HOU,3,HOME,TBR,5,L,23404.0
2017-08-04,HOU,16,HOME,TOR,7,W,39287.0
2017-08-05,HOU,3,HOME,TOR,4,L,41950.0
2017-08-06,HOU,7,HOME,TOR,6,W,36300.0
2017-08-08,HOU,5,AWAY,CHW,8,L,13974.0
2017-08-09,HOU,1,AWAY,CHW,7,L,14824.0
2017-08-10,HOU,2,AWAY,CHW,3,L,18034.0
2017-08-11,HOU,4,AWAY,TEX,6,L,33897.0
2017-08-12,HOU,3,AWAY,TEX,8,L,47306.0
2017-08-13,HOU,2,AWAY,TEX,1,W,31517.0
2017-08-14,HOU,0,AWAY,ARI,2,L,20405.0
2017-08-15,HOU,9,AWAY,ARI,4,W,16935.0
2017-08-16,HOU,9,HOME,ARI,5,W,27278.0
2017-08-17,HOU,0,HOME,ARI,4,L,27949.0
2017-08-18,HOU,3,HOME,OAK,1,W,30908.0
2017-08-19,HOU,3,HOME,OAK,0,W,32796.0
2017-08-20,HOU,2,HOME,OAK,3,L,34011.0
2017-08-22,HOU,3,HOME,WSN,4,L,23798.0
2017-08-23,HOU,6,HOME,WSN,1,W,23434.0
2017-08-24,HOU,4,HOME,WSN,5,L,24761.0
2017-08-25,HOU,2,AWAY,LAA,1,W,42333.0
2017-08-26,HOU,6,AWAY,LAA,7,L,41101.0
2017-08-27,HOU,7,AWAY,LAA,5,W,37606.0
2017-08-29,HOU,2,HOME,TEX,12,L,3485.0
2017-08-30,HOU,1,HOME,TEX,8,L,6123.0
2017-08-31,HOU,5,HOME,TEX,1,W,3385.0
2017-09-02,HOU,12,HOME,NYM,8,W,30319.0
2017-09-02,HOU,4,HOME,NYM,1,W,34904.0
2017-09-03,HOU,8,HOME,NYM,6,W,32065.0
2017-09-04,HOU,6,AWAY,SEA,2,W,20108.0
2017-09-05,HOU,3,AWAY,SEA,1,W,14568.0
2017-09-06,HOU,5,AWAY,SEA,3,W,15104.0
2017-09-08,HOU,8,AWAY,OAK,9,L,12288.0
2017-09-09,HOU,1,AWAY,OAK,11,L,
2017-09-09,HOU,4,AWAY,OAK,11,L,19244.0
2017-09-10,HOU,2,AWAY,OAK,10,L,15892.0
2017-09-12,HOU,1,AWAY,LAA,0,W,36088.0
2017-09-13,HOU,1,AWAY,LAA,9,L,33899.0
2017-09-14,HOU,5,AWAY,LAA,2,W,35715.0
2017-09-15,HOU,5,HOME,SEA,2,W,28328.0
2017-09-16,HOU,8,HOME,SEA,6,W,33650.0
2017-09-17,HOU,7,HOME,SEA,1,W,30247.0
2017-09-19,HOU,3,HOME,CHW,1,W,23293.0
2017-09-20,HOU,4,HOME,CHW,3,W,24995.0
2017-09-21,HOU,1,HOME,CHW,3,L,24283.0
2017-09-22,HOU,3,HOME,LAA,0,W,34127.0
2017-09-23,HOU,6,HOME,LAA,2,W,34035.0
2017-09-24,HOU,5,HOME,LAA,7,L,36756.0
2017-09-25,HOU,11,AWAY,TEX,2,W,30390.0
2017-09-26,HOU,14,AWAY,TEX,3,W,28976.0
2017-09-27,HOU,12,AWAY,TEX,2,W,26053.0
2017-09-28,HOU,12,AWAY,BOS,2,W,34222.0
2017-09-29,HOU,3,AWAY,BOS,2,W,36623.0
2017-09-30,HOU,3,AWAY,BOS,6,L,35722.0
2017-10-01,HOU,4,AWAY,BOS,3,W,34517.0
